WELL;DEPTH_MD;X_LOC;Y_LOC;Z_LOC;GROUP;FORMATION;CALI;RDEP;RHOB;GR;NPHI;PEF;DTC;FORCE_2020_LITHOFACIES_LFP;FORCE_2020_LITHOFACIES_CONFIDENCE
15/9-13;500.00;435210.00;6478920.00;-490.00;NORTH_SEA_GP;Nordland Gp.;8.50;2.15;2.45;65.2;0.22;3.50;88.4;30000;1
15/9-13;510.00;435210.40;6478920.60;-499.80;NORTH_SEA_GP;Nordland Gp.;8.50;2.15;2.45;65.2;0.22;3.50;88.4;30000;1
15/9-13;520.00;435210.80;6478921.20;-509.60;NORTH_SEA_GP;Nordland Gp.;8.50;2.15;2.45;65.2;0.22;3.50;88.4;30000;1
15/9-13;530.00;435211.20;6478921.80;-519.40;NORTH_SEA_GP;Nordland Gp.;8.50;2.15;2.45;65.2;0.22;3.50;88.4;30000;1
15/9-13;540.00;435211.60;6478922.40;-529.20;NORTH_SEA_GP;Nordland Gp.;8.50;2.15;2.45;65.2;0.22;3.50;88.4;30000;1
15/9-13;550.00;435212.00;6478923.00;-539.00;NORTH_SEA_GP;Nordland Gp.;8.50;2.15;2.45;65.2;0.22;3.50;88.4;30000;1
15/9-13;560.00;435212.40;6478923.60;-548.80;NORTH_SEA_GP;Nordland Gp.;8.50;2.15;2.45;65.2;0.22;3.50;88.4;30000;1
15/9-13;570.00;435212.80;6478924.20;-558.60;NORTH_SEA_GP;Nordland Gp.;8.50;2.15;2.45;65.2;0.22;3.50;88.4;30000;1
15/9-13;580.00;435213.20;6478924.80;-568.40;NORTH_SEA_GP;Nordland Gp.;8.50;2.15;2.45;65.2;0.22;3.50;88.4;30000;1
15/9-13;590.00;435213.60;6478925.40;-578.20;NORTH_SEA_GP;Nordland Gp.;8.50;2.15;2.45;65.2;0.22;3.50;88.4;30000;1
15/9-13;600.00;435214.00;6478926.00;-588.00;NORTH_SEA_GP;Nordland Gp.;8.50;2.15;2.45;65.2;0.22;3.50;88.4;30000;1
15/9-13;610.00;435214.40;6478926.60;-597.80;NORTH_SEA_GP;Nordland Gp.;8.50;2.15;2.45;65.2;0.22;3.50;88.4;30000;1
15/9-13;620.00;435214.80;6478927.20;-607.60;NORTH_SEA_GP;Nordland Gp.;8.50;2.15;2.45;65.2;0.22;3.50;88.4;30000;1
15/9-13;630.00;435215.20;6478927.80;-617.40;NORTH_SEA_GP;Nordland Gp.;8.50;2.15;2.45;65.2;0.22;3.50;88.4;30000;1
15/9-13;640.00;435215.60;6478928.40;-627.20;NORTH_SEA_GP;Nordland Gp.;8.50;2.15;2.45;65.2;0.22;3.50;88.4;30000;1
15/9-13;650.00;435216.00;6478929.00;-637.00;NORTH_SEA_GP;Nordland Gp.;8.50;2.15;2.45;65.2;0.22;3.50;88.4;30000;1
15/9-13;660.00;435216.40;6478929.60;-646.80;NORTH_SEA_GP;Nordland Gp.;8.50;2.15;2.45;65.2;0.22;3.50;88.4;30000;1
15/9-13;670.00;435216.80;6478930.20;-656.60;NORTH_SEA_GP;Nordland Gp.;8.50;2.15;2.45;65.2;0.22;3.50;88.4;30000;1
15/9-13;680.00;435217.20;6478930.80;-666.40;NORTH_SEA_GP;Nordland Gp.;8.50;2.15;2.45;65.2;0.22;3.50;88.4;30000;1
15/9-13;690.00;435217.60;6478931.40;-676.20;NORTH_SEA_GP;Nordland Gp.;8.50;2.15;2.45;65.2;0.22;3.50;88.4;30000;1
15/9-13;700.00;435218.00;6478932.00;-686.00;NORTH_SEA_GP;Nordland Gp.;8.50;2.15;2.45;65.2;0.22;3.50;88.4;30000;1
15/9-13;710.00;435218.40;6478932.60;-695.80;NORTH_SEA_GP;Nordland Gp.;8.50;2.15;2.45;65.2;0.22;3.50;88.4;30000;1
15/9-13;720.00;435218.80;6478933.20;-705.60;NORTH_SEA_GP;Nordland Gp.;8.50;2.15;2.45;65.2;0.22;3.50;88.4;30000;1
15/9-13;730.00;435219.20;6478933.80;-715.40;NORTH_SEA_GP;Nordland Gp.;8.50;2.15;2.45;65.2;0.22;3.50;88.4;30000;1
15/9-13;740.00;435219.60;6478934.40;-725.20;NORTH_SEA_GP;Nordland Gp.;8.50;2.15;2.45;65.2;0.22;3.50;88.4;30000;1
15/9-13;750.00;435220.00;6478935.00;-735.00;NORTH_SEA_GP;Nordland Gp.;8.50;2.15;2.45;65.2;0.22;3.50;88.4;30000;1
15/9-13;760.00;435220.40;6478935.60;-744.80;NORTH_SEA_GP;Nordland Gp.;8.50;2.15;2.45;65.2;0.22;3.50;88.4;30000;1
15/9-13;770.00;435220.80;6478936.20;-754.60;NORTH_SEA_GP;Nordland Gp.;8.50;2.15;2.45;65.2;0.22;3.50;88.4;30000;1
15/9-13;780.00;435221.20;6478936.80;-764.40;NORTH_SEA_GP;Nordland Gp.;8.50;2.15;2.45;65.2;0.22;3.50;88.4;30000;1
15/9-13;790.00;435221.60;6478937.40;-774.20;NORTH_SEA_GP;Nordland Gp.;8.50;2.15;2.45;65.2;0.22;3.50;88.4;30000;1
15/9-13;800.00;435222.00;6478938.00;-784.00;NORTH_SEA_GP;Nordland Gp.;8.50;2.15;2.45;65.2;0.22;3.50;88.4;30000;1
15/9-13;810.00;435222.40;6478938.60;-793.80;NORTH_SEA_GP;Nordland Gp.;8.50;2.15;2.45;65.2;0.22;3.50;88.4;30000;1
15/9-13;820.00;435222.80;6478939.20;-803.60;NORTH_SEA_GP;Nordland Gp.;8.50;2.15;2.45;65.2;0.22;3.50;88.4;30000;1
15/9-13;830.00;435223.20;6478939.80;-813.40;NORTH_SEA_GP;Nordland Gp.;8.50;2.15;2.45;65.2;0.22;3.50;88.4;30000;1
15/9-13;840.00;435223.60;6478940.40;-823.20;NORTH_SEA_GP;Nordland Gp.;8.50;2.15;2.45;65.2;0.22;3.50;88.4;30000;1
15/9-13;850.00;435224.00;6478941.00;-833.00;NORTH_SEA_GP;Nordland Gp.;8.50;2.15;2.45;65.2;0.22;3.50;88.4;30000;1
15/9-13;860.00;435224.40;6478941.60;-842.80;NORTH_SEA_GP;Nordland Gp.;8.50;2.15;2.45;65.2;0.22;3.50;88.4;30000;1
15/9-13;870.00;435224.80;6478942.20;-852.60;NORTH_SEA_GP;Nordland Gp.;8.50;2.15;2.45;65.2;0.22;3.50;88.4;30000;1
15/9-13;880.00;435225.20;6478942.80;-862.40;NORTH_SEA_GP;Nordland Gp.;8.50;2.15;2.45;65.2;0.22;3.50;88.4;30000;1
15/9-13;890.00;435225.60;6478943.40;-872.20;NORTH_SEA_GP;Nordland Gp.;8.50;2.15;2.45;65.2;0.22;3.50;88.4;30000;1
15/9-13;900.00;435226.00;6478944.00;-882.00;NORTH_SEA_GP;Nordland Gp.;8.50;2.15;2.45;65.2;0.22;3.50;88.4;30000;1
15/9-13;910.00;435226.40;6478944.60;-891.80;NORTH_SEA_GP;Nordland Gp.;8.50;2.15;2.45;65.2;0.22;3.50;88.4;30000;1
15/9-13;920.00;435226.80;6478945.20;-901.60;NORTH_SEA_GP;Nordland Gp.;8.50;2.15;2.45;65.2;0.22;3.50;88.4;30000;1
15/9-13;930.00;435227.20;6478945.80;-911.40;NORTH_SEA_GP;Nordland Gp.;8.50;2.15;2.45;65.2;0.22;3.50;88.4;30000;1
15/9-13;940.00;435227.60;6478946.40;-921.20;NORTH_SEA_GP;Nordland Gp.;8.50;2.15;2.45;65.2;0.22;3.50;88.4;30000;1
15/9-13;950.00;435228.00;6478947.00;-931.00;NORTH_SEA_GP;Nordland Gp.;8.50;2.15;2.45;65.2;0.22;3.50;88.4;30000;1
15/9-13;960.00;435228.40;6478947.60;-940.80;NORTH_SEA_GP;Utsira Fm.;8.50;2.15;2.45;65.2;0.22;3.50;88.4;30000;1
15/9-13;970.00;435228.80;6478948.20;-950.60;NORTH_SEA_GP;Utsira Fm.;8.50;2.15;2.45;65.2;0.22;3.50;88.4;30000;1
15/9-13;980.00;435229.20;6478948.80;-960.40;NORTH_SEA_GP;Utsira Fm.;8.50;2.15;2.45;65.2;0.22;3.50;88.4;30000;1
15/9-13;990.00;435229.60;6478949.40;-970.20;NORTH_SEA_GP;Utsira Fm.;8.50;2.15;2.45;65.2;0.22;3.50;88.4;30000;1
15/9-13;1000.00;435230.00;6478950.00;-980.00;NORTH_SEA_GP;Utsira Fm.;8.50;2.15;2.45;65.2;0.22;3.50;88.4;30000;1
15/9-13;1010.00;435230.40;6478950.60;-989.80;NORTH_SEA_GP;Utsira Fm.;8.50;2.15;2.45;65.2;0.22;3.50;88.4;30000;1
15/9-13;1020.00;435230.80;6478951.20;-999.60;NORTH_SEA_GP;Utsira Fm.;8.50;2.15;2.45;65.2;0.22;3.50;88.4;30000;1
15/9-13;1030.00;435231.20;6478951.80;-1009.40;NORTH_SEA_GP;Utsira Fm.;8.50;2.15;2.45;65.2;0.22;3.50;88.4;30000;1
15/9-13;1040.00;435231.60;6478952.40;-1019.20;NORTH_SEA_GP;Utsira Fm.;8.50;2.15;2.45;65.2;0.22;3.50;88.4;30000;1
15/9-13;1050.00;435232.00;6478953.00;-1029.00;NORTH_SEA_GP;Utsira Fm.;8.50;2.15;2.45;65.2;0.22;3.50;88.4;30000;1
15/9-13;1060.00;435232.40;6478953.60;-1038.80;NORTH_SEA_GP;Utsira Fm.;8.50;2.15;2.45;65.2;0.22;3.50;88.4;30000;1
15/9-13;1070.00;435232.80;6478954.20;-1048.60;NORTH_SEA_GP;Utsira Fm.;8.50;2.15;2.45;65.2;0.22;3.50;88.4;30000;1
15/9-13;1080.00;435233.20;6478954.80;-1058.40;NORTH_SEA_GP;Utsira Fm.;8.50;2.15;2.45;65.2;0.22;3.50;88.4;30000;1
15/9-13;1090.00;435233.60;6478955.40;-1068.20;NORTH_SEA_GP;Utsira Fm.;8.50;2.15;2.45;65.2;0.22;3.50;88.4;30000;1
15/9-13;1100.00;435234.00;6478956.00;-1078.00;NORTH_SEA_GP;Utsira Fm.;8.50;2.15;2.45;65.2;0.22;3.50;88.4;30000;1
15/9-13;1110.00;435234.40;6478956.60;-1087.80;NORTH_SEA_GP;Utsira Fm.;8.50;2.15;2.45;65.2;0.22;3.50;88.4;30000;1
15/9-13;1120.00;435234.80;6478957.20;-1097.60;NORTH_SEA_GP;Utsira Fm.;8.50;2.15;2.45;65.2;0.22;3.50;88.4;30000;1
15/9-13;1130.00;435235.20;6478957.80;-1107.40;NORTH_SEA_GP;Utsira Fm.;8.50;2.15;2.45;65.2;0.22;3.50;88.4;30000;1
15/9-13;1140.00;435235.60;6478958.40;-1117.20;NORTH_SEA_GP;Utsira Fm.;8.50;2.15;2.45;65.2;0.22;3.50;88.4;30000;1
15/9-13;1150.00;435236.00;6478959.00;-1127.00;NORTH_SEA_GP;Utsira Fm.;8.50;2.15;2.45;65.2;0.22;3.50;88.4;30000;1
15/9-13;1160.00;435236.40;6478959.60;-1136.80;NORTH_SEA_GP;Utsira Fm.;8.50;2.15;2.45;65.2;0.22;3.50;88.4;30000;1
15/9-13;1170.00;435236.80;6478960.20;-1146.60;NORTH_SEA_GP;Utsira Fm.;8.50;2.15;2.45;65.2;0.22;3.50;88.4;30000;1
15/9-13;1180.00;435237.20;6478960.80;-1156.40;NORTH_SEA_GP;Utsira Fm.;8.50;2.15;2.45;65.2;0.22;3.50;88.4;30000;1
15/9-13;1190.00;435237.60;6478961.40;-1166.20;NORTH_SEA_GP;Utsira Fm.;8.50;2.15;2.45;65.2;0.22;3.50;88.4;30000;1
15/9-13;1200.00;435238.00;6478962.00;-1176.00;NORTH_SEA_GP;Utsira Fm.;8.50;2.15;2.45;65.2;0.22;3.50;88.4;30000;1
15/9-13;1210.00;435238.40;6478962.60;-1185.80;NORTH_SEA_GP;Utsira Fm.;8.50;2.15;2.45;65.2;0.22;3.50;88.4;30000;1
15/9-13;1220.00;435238.80;6478963.20;-1195.60;NORTH_SEA_GP;Utsira Fm.;8.50;2.15;2.45;65.2;0.22;3.50;88.4;30000;1
15/9-13;1230.00;435239.20;6478963.80;-1205.40;NORTH_SEA_GP;Utsira Fm.;8.50;2.15;2.45;65.2;0.22;3.50;88.4;30000;1
15/9-13;1240.00;435239.60;6478964.40;-1215.20;NORTH_SEA_GP;Utsira Fm.;8.50;2.15;2.45;65.2;0.22;3.50;88.4;30000;1
15/9-13;1250.00;435240.00;6478965.00;-1225.00;NORTH_SEA_GP;Utsira Fm.;8.50;2.15;2.45;65.2;0.22;3.50;88.4;30000;1
15/9-13;1260.00;435240.40;6478965.60;-1234.80;NORTH_SEA_GP;Utsira Fm.;8.50;2.15;2.45;65.2;0.22;3.50;88.4;30000;1
15/9-13;1270.00;435240.80;6478966.20;-1244.60;NORTH_SEA_GP;Utsira Fm.;8.50;2.15;2.45;65.2;0.22;3.50;88.4;30000;1
15/9-13;1280.00;435241.20;6478966.80;-1254.40;NORTH_SEA_GP;Utsira Fm.;8.50;2.15;2.45;65.2;0.22;3.50;88.4;30000;1
15/9-13;1290.00;435241.60;6478967.40;-1264.20;NORTH_SEA_GP;Utsira Fm.;8.50;2.15;2.45;65.2;0.22;3.50;88.4;30000;1
15/9-13;1300.00;435242.00;6478968.00;-1274.00;NORTH_SEA_GP;Utsira Fm.;8.50;2.15;2.45;65.2;0.22;3.50;88.4;30000;1
15/9-13;1310.00;435242.40;6478968.60;-1283.80;NORTH_SEA_GP;Utsira Fm.;8.50;2.15;2.45;65.2;0.22;3.50;88.4;30000;1
15/9-13;1320.00;435242.80;6478969.20;-1293.60;NORTH_SEA_GP;Utsira Fm.;8.50;2.15;2.45;65.2;0.22;3.50;88.4;30000;1
15/9-13;1330.00;435243.20;6478969.80;-1303.40;NORTH_SEA_GP;Utsira Fm.;8.50;2.15;2.45;65.2;0.22;3.50;88.4;30000;1
15/9-13;1340.00;435243.60;6478970.40;-1313.20;NORTH_SEA_GP;Utsira Fm.;8.50;2.15;2.45;65.2;0.22;3.50;88.4;30000;1
15/9-13;1350.00;435244.00;6478971.00;-1323.00;NORTH_SEA_GP;Utsira Fm.;8.50;2.15;2.45;65.2;0.22;3.50;88.4;30000;1
15/9-13;1360.00;435244.40;6478971.60;-1332.80;NORTH_SEA_GP;Utsira Fm.;8.50;2.15;2.45;65.2;0.22;3.50;88.4;30000;1
15/9-13;1370.00;435244.80;6478972.20;-1342.60;NORTH_SEA_GP;Utsira Fm.;8.50;2.15;2.45;65.2;0.22;3.50;88.4;30000;1
15/9-13;1380.00;435245.20;6478972.80;-1352.40;NORTH_SEA_GP;Utsira Fm.;8.50;2.15;2.45;65.2;0.22;3.50;88.4;30000;1
15/9-13;1390.00;435245.60;6478973.40;-1362.20;NORTH_SEA_GP;Utsira Fm.;8.50;2.15;2.45;65.2;0.22;3.50;88.4;30000;1
15/9-13;1400.00;435246.00;6478974.00;-1372.00;NORTH_SEA_GP;Utsira Fm.;8.50;2.15;2.45;65.2;0.22;3.50;88.4;30000;1
15/9-13;1410.00;435246.40;6478974.60;-1381.80;NORTH_SEA_GP;Utsira Fm.;8.50;2.15;2.45;65.2;0.22;3.50;88.4;30000;1
15/9-13;1420.00;435246.80;6478975.20;-1391.60;NORTH_SEA_GP;Hordaland Gp.;8.50;2.15;2.45;65.2;0.22;3.50;88.4;30000;1
15/9-13;1430.00;435247.20;6478975.80;-1401.40;NORTH_SEA_GP;Hordaland Gp.;8.50;2.15;2.45;65.2;0.22;3.50;88.4;30000;1
15/9-13;1440.00;435247.60;6478976.40;-1411.20;NORTH_SEA_GP;Hordaland Gp.;8.50;2.15;2.45;65.2;0.22;3.50;88.4;30000;1
15/9-13;1450.00;435248.00;6478977.00;-1421.00;NORTH_SEA_GP;Hordaland Gp.;8.50;2.15;2.45;65.2;0.22;3.50;88.4;30000;1
15/9-13;1460.00;435248.40;6478977.60;-1430.80;NORTH_SEA_GP;Hordaland Gp.;8.50;2.15;2.45;65.2;0.22;3.50;88.4;30000;1
15/9-13;1470.00;435248.80;6478978.20;-1440.60;NORTH_SEA_GP;Hordaland Gp.;8.50;2.15;2.45;65.2;0.22;3.50;88.4;30000;1
15/9-13;1480.00;435249.20;6478978.80;-1450.40;NORTH_SEA_GP;Hordaland Gp.;8.50;2.15;2.45;65.2;0.22;3.50;88.4;30000;1
15/9-13;1490.00;435249.60;6478979.40;-1460.20;NORTH_SEA_GP;Hordaland Gp.;8.50;2.15;2.45;65.2;0.22;3.50;88.4;30000;1
15/9-13;1500.00;435250.00;6478980.00;-1470.00;NORTH_SEA_GP;Hordaland Gp.;8.50;2.15;2.45;65.2;0.22;3.50;88.4;30000;1
15/9-13;1510.00;435250.40;6478980.60;-1479.80;NORTH_SEA_GP;Hordaland Gp.;8.50;2.15;2.45;65.2;0.22;3.50;88.4;30000;1
15/9-13;1520.00;435250.80;6478981.20;-1489.60;NORTH_SEA_GP;Hordaland Gp.;8.50;2.15;2.45;65.2;0.22;3.50;88.4;30000;1
15/9-13;1530.00;435251.20;6478981.80;-1499.40;NORTH_SEA_GP;Hordaland Gp.;8.50;2.15;2.45;65.2;0.22;3.50;88.4;30000;1
15/9-13;1540.00;435251.60;6478982.40;-1509.20;NORTH_SEA_GP;Hordaland Gp.;8.50;2.15;2.45;65.2;0.22;3.50;88.4;30000;1
15/9-13;1550.00;435252.00;6478983.00;-1519.00;NORTH_SEA_GP;Hordaland Gp.;8.50;2.15;2.45;65.2;0.22;3.50;88.4;30000;1
15/9-13;1560.00;435252.40;6478983.60;-1528.80;NORTH_SEA_GP;Hordaland Gp.;8.50;2.15;2.45;65.2;0.22;3.50;88.4;30000;1
15/9-13;1570.00;435252.80;6478984.20;-1538.60;NORTH_SEA_GP;Hordaland Gp.;8.50;2.15;2.45;65.2;0.22;3.50;88.4;30000;1
15/9-13;1580.00;435253.20;6478984.80;-1548.40;NORTH_SEA_GP;Hordaland Gp.;8.50;2.15;2.45;65.2;0.22;3.50;88.4;30000;1
15/9-13;1590.00;435253.60;6478985.40;-1558.20;NORTH_SEA_GP;Hordaland Gp.;8.50;2.15;2.45;65.2;0.22;3.50;88.4;30000;1
15/9-13;1600.00;435254.00;6478986.00;-1568.00;NORTH_SEA_GP;Hordaland Gp.;8.50;2.15;2.45;65.2;0.22;3.50;88.4;30000;1
15/9-13;1610.00;435254.40;6478986.60;-1577.80;NORTH_SEA_GP;Hordaland Gp.;8.50;2.15;2.45;65.2;0.22;3.50;88.4;30000;1
15/9-13;1620.00;435254.80;6478987.20;-1587.60;NORTH_SEA_GP;Hordaland Gp.;8.50;2.15;2.45;65.2;0.22;3.50;88.4;30000;1
15/9-13;1630.00;435255.20;6478987.80;-1597.40;NORTH_SEA_GP;Hordaland Gp.;8.50;2.15;2.45;65.2;0.22;3.50;88.4;30000;1
15/9-13;1640.00;435255.60;6478988.40;-1607.20;NORTH_SEA_GP;Hordaland Gp.;8.50;2.15;2.45;65.2;0.22;3.50;88.4;30000;1
15/9-13;1650.00;435256.00;6478989.00;-1617.00;NORTH_SEA_GP;Hordaland Gp.;8.50;2.15;2.45;65.2;0.22;3.50;88.4;30000;1
15/9-13;1660.00;435256.40;6478989.60;-1626.80;NORTH_SEA_GP;Hordaland Gp.;8.50;2.15;2.45;65.2;0.22;3.50;88.4;30000;1
15/9-13;1670.00;435256.80;6478990.20;-1636.60;NORTH_SEA_GP;Hordaland Gp.;8.50;2.15;2.45;65.2;0.22;3.50;88.4;30000;1
15/9-13;1680.00;435257.20;6478990.80;-1646.40;NORTH_SEA_GP;Hordaland Gp.;8.50;2.15;2.45;65.2;0.22;3.50;88.4;30000;1
15/9-13;1690.00;435257.60;6478991.40;-1656.20;NORTH_SEA_GP;Hordaland Gp.;8.50;2.15;2.45;65.2;0.22;3.50;88.4;30000;1
15/9-13;1700.00;435258.00;6478992.00;-1666.00;NORTH_SEA_GP;Hordaland Gp.;8.50;2.15;2.45;65.2;0.22;3.50;88.4;30000;1
15/9-13;1710.00;435258.40;6478992.60;-1675.80;NORTH_SEA_GP;Hordaland Gp.;8.50;2.15;2.45;65.2;0.22;3.50;88.4;30000;1
15/9-13;1720.00;435258.80;6478993.20;-1685.60;NORTH_SEA_GP;Hordaland Gp.;8.50;2.15;2.45;65.2;0.22;3.50;88.4;30000;1
15/9-13;1730.00;435259.20;6478993.80;-1695.40;NORTH_SEA_GP;Hordaland Gp.;8.50;2.15;2.45;65.2;0.22;3.50;88.4;30000;1
15/9-13;1740.00;435259.60;6478994.40;-1705.20;NORTH_SEA_GP;Hordaland Gp.;8.50;2.15;2.45;65.2;0.22;3.50;88.4;30000;1
15/9-13;1750.00;435260.00;6478995.00;-1715.00;NORTH_SEA_GP;Hordaland Gp.;8.50;2.15;2.45;65.2;0.22;3.50;88.4;30000;1
15/9-13;1760.00;435260.40;6478995.60;-1724.80;NORTH_SEA_GP;Hordaland Gp.;8.50;2.15;2.45;65.2;0.22;3.50;88.4;30000;1
15/9-13;1770.00;435260.80;6478996.20;-1734.60;NORTH_SEA_GP;Hordaland Gp.;8.50;2.15;2.45;65.2;0.22;3.50;88.4;30000;1
15/9-13;1780.00;435261.20;6478996.80;-1744.40;NORTH_SEA_GP;Hordaland Gp.;8.50;2.15;2.45;65.2;0.22;3.50;88.4;30000;1
15/9-13;1790.00;435261.60;6478997.40;-1754.20;NORTH_SEA_GP;Hordaland Gp.;8.50;2.15;2.45;65.2;0.22;3.50;88.4;30000;1
15/9-13;1800.00;435262.00;6478998.00;-1764.00;NORTH_SEA_GP;Hordaland Gp.;8.50;2.15;2.45;65.2;0.22;3.50;88.4;30000;1
15/9-13;1810.00;435262.40;6478998.60;-1773.80;NORTH_SEA_GP;Hordaland Gp.;8.50;2.15;2.45;65.2;0.22;3.50;88.4;30000;1
15/9-13;1820.00;435262.80;6478999.20;-1783.60;NORTH_SEA_GP;Hordaland Gp.;8.50;2.15;2.45;65.2;0.22;3.50;88.4;30000;1
15/9-13;1830.00;435263.20;6478999.80;-1793.40;NORTH_SEA_GP;Hordaland Gp.;8.50;2.15;2.45;65.2;0.22;3.50;88.4;30000;1
15/9-13;1840.00;435263.60;6479000.40;-1803.20;NORTH_SEA_GP;Hordaland Gp.;8.50;2.15;2.45;65.2;0.22;3.50;88.4;30000;1
15/9-13;1850.00;435264.00;6479001.00;-1813.00;NORTH_SEA_GP;Hordaland Gp.;8.50;2.15;2.45;65.2;0.22;3.50;88.4;30000;1
15/9-13;1860.00;435264.40;6479001.60;-1822.80;NORTH_SEA_GP;Hordaland Gp.;8.50;2.15;2.45;65.2;0.22;3.50;88.4;30000;1
15/9-13;1870.00;435264.80;6479002.20;-1832.60;NORTH_SEA_GP;Hordaland Gp.;8.50;2.15;2.45;65.2;0.22;3.50;88.4;30000;1
15/9-13;1880.00;435265.20;6479002.80;-1842.40;NORTH_SEA_GP;Heimdal Fm.;8.50;2.15;2.45;65.2;0.22;3.50;88.4;30000;1
15/9-13;1890.00;435265.60;6479003.40;-1852.20;NORTH_SEA_GP;Heimdal Fm.;8.50;2.15;2.45;65.2;0.22;3.50;88.4;30000;1
15/9-13;1900.00;435266.00;6479004.00;-1862.00;NORTH_SEA_GP;Heimdal Fm.;8.50;2.15;2.45;65.2;0.22;3.50;88.4;30000;1
15/9-13;1910.00;435266.40;6479004.60;-1871.80;NORTH_SEA_GP;Heimdal Fm.;8.50;2.15;2.45;65.2;0.22;3.50;88.4;30000;1
15/9-13;1920.00;435266.80;6479005.20;-1881.60;NORTH_SEA_GP;Heimdal Fm.;8.50;2.15;2.45;65.2;0.22;3.50;88.4;30000;1
15/9-13;1930.00;435267.20;6479005.80;-1891.40;NORTH_SEA_GP;Heimdal Fm.;8.50;2.15;2.45;65.2;0.22;3.50;88.4;30000;1
15/9-13;1940.00;435267.60;6479006.40;-1901.20;NORTH_SEA_GP;Heimdal Fm.;8.50;2.15;2.45;65.2;0.22;3.50;88.4;30000;1
15/9-13;1950.00;435268.00;6479007.00;-1911.00;NORTH_SEA_GP;Heimdal Fm.;8.50;2.15;2.45;65.2;0.22;3.50;88.4;30000;1
15/9-13;1960.00;435268.40;6479007.60;-1920.80;NORTH_SEA_GP;Heimdal Fm.;8.50;2.15;2.45;65.2;0.22;3.50;88.4;30000;1
15/9-13;1970.00;435268.80;6479008.20;-1930.60;NORTH_SEA_GP;Heimdal Fm.;8.50;2.15;2.45;65.2;0.22;3.50;88.4;30000;1
15/9-13;1980.00;435269.20;6479008.80;-1940.40;NORTH_SEA_GP;Heimdal Fm.;8.50;2.15;2.45;65.2;0.22;3.50;88.4;30000;1
15/9-13;1990.00;435269.60;6479009.40;-1950.20;NORTH_SEA_GP;Heimdal Fm.;8.50;2.15;2.45;65.2;0.22;3.50;88.4;30000;1
15/9-13;2000.00;435270.00;6479010.00;-1960.00;NORTH_SEA_GP;Heimdal Fm.;8.50;2.15;2.45;65.2;0.22;3.50;88.4;30000;1
15/9-13;2010.00;435270.40;6479010.60;-1969.80;NORTH_SEA_GP;Heimdal Fm.;8.50;2.15;2.45;65.2;0.22;3.50;88.4;30000;1
15/9-13;2020.00;435270.80;6479011.20;-1979.60;NORTH_SEA_GP;Heimdal Fm.;8.50;2.15;2.45;65.2;0.22;3.50;88.4;30000;1
15/9-13;2030.00;435271.20;6479011.80;-1989.40;NORTH_SEA_GP;Heimdal Fm.;8.50;2.15;2.45;65.2;0.22;3.50;88.4;30000;1
15/9-13;2040.00;435271.60;6479012.40;-1999.20;NORTH_SEA_GP;Heimdal Fm.;8.50;2.15;2.45;65.2;0.22;3.50;88.4;30000;1
15/9-13;2050.00;435272.00;6479013.00;-2009.00;NORTH_SEA_GP;Heimdal Fm.;8.50;2.15;2.45;65.2;0.22;3.50;88.4;30000;1
15/9-13;2060.00;435272.40;6479013.60;-2018.80;NORTH_SEA_GP;Heimdal Fm.;8.50;2.15;2.45;65.2;0.22;3.50;88.4;30000;1
15/9-13;2070.00;435272.80;6479014.20;-2028.60;NORTH_SEA_GP;Heimdal Fm.;8.50;2.15;2.45;65.2;0.22;3.50;88.4;30000;1
15/9-13;2080.00;435273.20;6479014.80;-2038.40;NORTH_SEA_GP;Heimdal Fm.;8.50;2.15;2.45;65.2;0.22;3.50;88.4;30000;1
15/9-13;2090.00;435273.60;6479015.40;-2048.20;NORTH_SEA_GP;Heimdal Fm.;8.50;2.15;2.45;65.2;0.22;3.50;88.4;30000;1
15/9-13;2100.00;435274.00;6479016.00;-2058.00;NORTH_SEA_GP;Heimdal Fm.;8.50;2.15;2.45;65.2;0.22;3.50;88.4;30000;1
15/9-13;2110.00;435274.40;6479016.60;-2067.80;NORTH_SEA_GP;Heimdal Fm.;8.50;2.15;2.45;65.2;0.22;3.50;88.4;30000;1
15/9-13;2120.00;435274.80;6479017.20;-2077.60;NORTH_SEA_GP;Heimdal Fm.;8.50;2.15;2.45;65.2;0.22;3.50;88.4;30000;1
15/9-13;2130.00;435275.20;6479017.80;-2087.40;NORTH_SEA_GP;Heimdal Fm.;8.50;2.15;2.45;65.2;0.22;3.50;88.4;30000;1
15/9-13;2140.00;435275.60;6479018.40;-2097.20;NORTH_SEA_GP;Heimdal Fm.;8.50;2.15;2.45;65.2;0.22;3.50;88.4;30000;1
15/9-13;2150.00;435276.00;6479019.00;-2107.00;NORTH_SEA_GP;Heimdal Fm.;8.50;2.15;2.45;65.2;0.22;3.50;88.4;30000;1
15/9-13;2160.00;435276.40;6479019.60;-2116.80;NORTH_SEA_GP;Heimdal Fm.;8.50;2.15;2.45;65.2;0.22;3.50;88.4;30000;1
15/9-13;2170.00;435276.80;6479020.20;-2126.60;NORTH_SEA_GP;Heimdal Fm.;8.50;2.15;2.45;65.2;0.22;3.50;88.4;30000;1
15/9-13;2180.00;435277.20;6479020.80;-2136.40;NORTH_SEA_GP;Heimdal Fm.;8.50;2.15;2.45;65.2;0.22;3.50;88.4;30000;1
15/9-13;2190.00;435277.60;6479021.40;-2146.20;NORTH_SEA_GP;Heimdal Fm.;8.50;2.15;2.45;65.2;0.22;3.50;88.4;30000;1
15/9-13;2200.00;435278.00;6479022.00;-2156.00;NORTH_SEA_GP;Heimdal Fm.;8.50;2.15;2.45;65.2;0.22;3.50;88.4;30000;1
15/9-13;2210.00;435278.40;6479022.60;-2165.80;NORTH_SEA_GP;Heimdal Fm.;8.50;2.15;2.45;65.2;0.22;3.50;88.4;30000;1
15/9-13;2220.00;435278.80;6479023.20;-2175.60;NORTH_SEA_GP;Heimdal Fm.;8.50;2.15;2.45;65.2;0.22;3.50;88.4;30000;1
15/9-13;2230.00;435279.20;6479023.80;-2185.40;NORTH_SEA_GP;Heimdal Fm.;8.50;2.15;2.45;65.2;0.22;3.50;88.4;30000;1
15/9-13;2240.00;435279.60;6479024.40;-2195.20;NORTH_SEA_GP;Heimdal Fm.;8.50;2.15;2.45;65.2;0.22;3.50;88.4;30000;1
15/9-13;2250.00;435280.00;6479025.00;-2205.00;NORTH_SEA_GP;Heimdal Fm.;8.50;2.15;2.45;65.2;0.22;3.50;88.4;30000;1
15/9-13;2260.00;435280.40;6479025.60;-2214.80;NORTH_SEA_GP;Heimdal Fm.;8.50;2.15;2.45;65.2;0.22;3.50;88.4;30000;1
15/9-13;2270.00;435280.80;6479026.20;-2224.60;NORTH_SEA_GP;Heimdal Fm.;8.50;2.15;2.45;65.2;0.22;3.50;88.4;30000;1
15/9-13;2280.00;435281.20;6479026.80;-2234.40;NORTH_SEA_GP;Heimdal Fm.;8.50;2.15;2.45;65.2;0.22;3.50;88.4;30000;1
15/9-13;2290.00;435281.60;6479027.40;-2244.20;NORTH_SEA_GP;Heimdal Fm.;8.50;2.15;2.45;65.2;0.22;3.50;88.4;30000;1
15/9-13;2300.00;435282.00;6479028.00;-2254.00;NORTH_SEA_GP;Heimdal Fm.;8.50;2.15;2.45;65.2;0.22;3.50;88.4;30000;1
15/9-13;2310.00;435282.40;6479028.60;-2263.80;NORTH_SEA_GP;Heimdal Fm.;8.50;2.15;2.45;65.2;0.22;3.50;88.4;30000;1
15/9-13;2320.00;435282.80;6479029.20;-2273.60;NORTH_SEA_GP;Heimdal Fm.;8.50;2.15;2.45;65.2;0.22;3.50;88.4;30000;1
15/9-13;2330.00;435283.20;6479029.80;-2283.40;NORTH_SEA_GP;Heimdal Fm.;8.50;2.15;2.45;65.2;0.22;3.50;88.4;30000;1
15/9-13;2340.00;435283.60;6479030.40;-2293.20;NORTH_SEA_GP;Shetland Gp.;8.50;2.15;2.45;65.2;0.22;3.50;88.4;30000;1
15/9-13;2350.00;435284.00;6479031.00;-2303.00;NORTH_SEA_GP;Shetland Gp.;8.50;2.15;2.45;65.2;0.22;3.50;88.4;30000;1
15/9-13;2360.00;435284.40;6479031.60;-2312.80;NORTH_SEA_GP;Shetland Gp.;8.50;2.15;2.45;65.2;0.22;3.50;88.4;30000;1
15/9-13;2370.00;435284.80;6479032.20;-2322.60;NORTH_SEA_GP;Shetland Gp.;8.50;2.15;2.45;65.2;0.22;3.50;88.4;30000;1
15/9-13;2380.00;435285.20;6479032.80;-2332.40;NORTH_SEA_GP;Shetland Gp.;8.50;2.15;2.45;65.2;0.22;3.50;88.4;30000;1
15/9-13;2390.00;435285.60;6479033.40;-2342.20;NORTH_SEA_GP;Shetland Gp.;8.50;2.15;2.45;65.2;0.22;3.50;88.4;30000;1
15/9-13;2400.00;435286.00;6479034.00;-2352.00;NORTH_SEA_GP;Shetland Gp.;8.50;2.15;2.45;65.2;0.22;3.50;88.4;30000;1
15/9-13;2410.00;435286.40;6479034.60;-2361.80;NORTH_SEA_GP;Shetland Gp.;8.50;2.15;2.45;65.2;0.22;3.50;88.4;30000;1
15/9-13;2420.00;435286.80;6479035.20;-2371.60;NORTH_SEA_GP;Shetland Gp.;8.50;2.15;2.45;65.2;0.22;3.50;88.4;30000;1
15/9-13;2430.00;435287.20;6479035.80;-2381.40;NORTH_SEA_GP;Shetland Gp.;8.50;2.15;2.45;65.2;0.22;3.50;88.4;30000;1
15/9-13;2440.00;435287.60;6479036.40;-2391.20;NORTH_SEA_GP;Shetland Gp.;8.50;2.15;2.45;65.2;0.22;3.50;88.4;30000;1
15/9-13;2450.00;435288.00;6479037.00;-2401.00;NORTH_SEA_GP;Shetland Gp.;8.50;2.15;2.45;65.2;0.22;3.50;88.4;30000;1
15/9-13;2460.00;435288.40;6479037.60;-2410.80;NORTH_SEA_GP;Shetland Gp.;8.50;2.15;2.45;65.2;0.22;3.50;88.4;30000;1
15/9-13;2470.00;435288.80;6479038.20;-2420.60;NORTH_SEA_GP;Shetland Gp.;8.50;2.15;2.45;65.2;0.22;3.50;88.4;30000;1
15/9-13;2480.00;435289.20;6479038.80;-2430.40;NORTH_SEA_GP;Shetland Gp.;8.50;2.15;2.45;65.2;0.22;3.50;88.4;30000;1
15/9-13;2490.00;435289.60;6479039.40;-2440.20;NORTH_SEA_GP;Shetland Gp.;8.50;2.15;2.45;65.2;0.22;3.50;88.4;30000;1
15/9-13;2500.00;435290.00;6479040.00;-2450.00;NORTH_SEA_GP;Shetland Gp.;8.50;2.15;2.45;65.2;0.22;3.50;88.4;30000;1
15/9-13;2510.00;435290.40;6479040.60;-2459.80;NORTH_SEA_GP;Shetland Gp.;8.50;2.15;2.45;65.2;0.22;3.50;88.4;30000;1
15/9-13;2520.00;435290.80;6479041.20;-2469.60;NORTH_SEA_GP;Shetland Gp.;8.50;2.15;2.45;65.2;0.22;3.50;88.4;30000;1
15/9-13;2530.00;435291.20;6479041.80;-2479.40;NORTH_SEA_GP;Shetland Gp.;8.50;2.15;2.45;65.2;0.22;3.50;88.4;30000;1
15/9-13;2540.00;435291.60;6479042.40;-2489.20;NORTH_SEA_GP;Shetland Gp.;8.50;2.15;2.45;65.2;0.22;3.50;88.4;30000;1
15/9-13;2550.00;435292.00;6479043.00;-2499.00;NORTH_SEA_GP;Shetland Gp.;8.50;2.15;2.45;65.2;0.22;3.50;88.4;30000;1
15/9-13;2560.00;435292.40;6479043.60;-2508.80;NORTH_SEA_GP;Shetland Gp.;8.50;2.15;2.45;65.2;0.22;3.50;88.4;30000;1
15/9-13;2570.00;435292.80;6479044.20;-2518.60;NORTH_SEA_GP;Shetland Gp.;8.50;2.15;2.45;65.2;0.22;3.50;88.4;30000;1
15/9-13;2580.00;435293.20;6479044.80;-2528.40;NORTH_SEA_GP;Shetland Gp.;8.50;2.15;2.45;65.2;0.22;3.50;88.4;30000;1
15/9-13;2590.00;435293.60;6479045.40;-2538.20;NORTH_SEA_GP;Shetland Gp.;8.50;2.15;2.45;65.2;0.22;3.50;88.4;30000;1
15/9-13;2600.00;435294.00;6479046.00;-2548.00;NORTH_SEA_GP;Shetland Gp.;8.50;2.15;2.45;65.2;0.22;3.50;88.4;30000;1
15/9-13;2610.00;435294.40;6479046.60;-2557.80;NORTH_SEA_GP;Shetland Gp.;8.50;2.15;2.45;65.2;0.22;3.50;88.4;30000;1
15/9-13;2620.00;435294.80;6479047.20;-2567.60;NORTH_SEA_GP;Shetland Gp.;8.50;2.15;2.45;65.2;0.22;3.50;88.4;30000;1
15/9-13;2630.00;435295.20;6479047.80;-2577.40;NORTH_SEA_GP;Shetland Gp.;8.50;2.15;2.45;65.2;0.22;3.50;88.4;30000;1
15/9-13;2640.00;435295.60;6479048.40;-2587.20;NORTH_SEA_GP;Shetland Gp.;8.50;2.15;2.45;65.2;0.22;3.50;88.4;30000;1
15/9-13;2650.00;435296.00;6479049.00;-2597.00;NORTH_SEA_GP;Shetland Gp.;8.50;2.15;2.45;65.2;0.22;3.50;88.4;30000;1
15/9-13;2660.00;435296.40;6479049.60;-2606.80;NORTH_SEA_GP;Shetland Gp.;8.50;2.15;2.45;65.2;0.22;3.50;88.4;30000;1
15/9-13;2670.00;435296.80;6479050.20;-2616.60;NORTH_SEA_GP;Shetland Gp.;8.50;2.15;2.45;65.2;0.22;3.50;88.4;30000;1
15/9-13;2680.00;435297.20;6479050.80;-2626.40;NORTH_SEA_GP;Shetland Gp.;8.50;2.15;2.45;65.2;0.22;3.50;88.4;30000;1
15/9-13;2690.00;435297.60;6479051.40;-2636.20;NORTH_SEA_GP;Shetland Gp.;8.50;2.15;2.45;65.2;0.22;3.50;88.4;30000;1
15/9-13;2700.00;435298.00;6479052.00;-2646.00;NORTH_SEA_GP;Shetland Gp.;8.50;2.15;2.45;65.2;0.22;3.50;88.4;30000;1
15/9-13;2710.00;435298.40;6479052.60;-2655.80;NORTH_SEA_GP;Shetland Gp.;8.50;2.15;2.45;65.2;0.22;3.50;88.4;30000;1
15/9-13;2720.00;435298.80;6479053.20;-2665.60;NORTH_SEA_GP;Shetland Gp.;8.50;2.15;2.45;65.2;0.22;3.50;88.4;30000;1
15/9-13;2730.00;435299.20;6479053.80;-2675.40;NORTH_SEA_GP;Shetland Gp.;8.50;2.15;2.45;65.2;0.22;3.50;88.4;30000;1
15/9-13;2740.00;435299.60;6479054.40;-2685.20;NORTH_SEA_GP;Shetland Gp.;8.50;2.15;2.45;65.2;0.22;3.50;88.4;30000;1
15/9-13;2750.00;435300.00;6479055.00;-2695.00;NORTH_SEA_GP;Shetland Gp.;8.50;2.15;2.45;65.2;0.22;3.50;88.4;30000;1
15/9-13;2760.00;435300.40;6479055.60;-2704.80;NORTH_SEA_GP;Shetland Gp.;8.50;2.15;2.45;65.2;0.22;3.50;88.4;30000;1
15/9-13;2770.00;435300.80;6479056.20;-2714.60;NORTH_SEA_GP;Shetland Gp.;8.50;2.15;2.45;65.2;0.22;3.50;88.4;30000;1
15/9-13;2780.00;435301.20;6479056.80;-2724.40;NORTH_SEA_GP;Shetland Gp.;8.50;2.15;2.45;65.2;0.22;3.50;88.4;30000;1
15/9-13;2790.00;435301.60;6479057.40;-2734.20;NORTH_SEA_GP;Shetland Gp.;8.50;2.15;2.45;65.2;0.22;3.50;88.4;30000;1
15/9-13;2800.00;435302.00;6479058.00;-2744.00;NORTH_SEA_GP;Hugin Fm.;8.50;2.15;2.45;65.2;0.22;3.50;88.4;30000;1
15/9-13;2810.00;435302.40;6479058.60;-2753.80;NORTH_SEA_GP;Hugin Fm.;8.50;2.15;2.45;65.2;0.22;3.50;88.4;30000;1
15/9-13;2820.00;435302.80;6479059.20;-2763.60;NORTH_SEA_GP;Hugin Fm.;8.50;2.15;2.45;65.2;0.22;3.50;88.4;30000;1
15/9-13;2830.00;435303.20;6479059.80;-2773.40;NORTH_SEA_GP;Hugin Fm.;8.50;2.15;2.45;65.2;0.22;3.50;88.4;30000;1
15/9-13;2840.00;435303.60;6479060.40;-2783.20;NORTH_SEA_GP;Hugin Fm.;8.50;2.15;2.45;65.2;0.22;3.50;88.4;30000;1
15/9-13;2850.00;435304.00;6479061.00;-2793.00;NORTH_SEA_GP;Hugin Fm.;8.50;2.15;2.45;65.2;0.22;3.50;88.4;30000;1
15/9-13;2860.00;435304.40;6479061.60;-2802.80;NORTH_SEA_GP;Hugin Fm.;8.50;2.15;2.45;65.2;0.22;3.50;88.4;30000;1
15/9-13;2870.00;435304.80;6479062.20;-2812.60;NORTH_SEA_GP;Hugin Fm.;8.50;2.15;2.45;65.2;0.22;3.50;88.4;30000;1
15/9-13;2880.00;435305.20;6479062.80;-2822.40;NORTH_SEA_GP;Hugin Fm.;8.50;2.15;2.45;65.2;0.22;3.50;88.4;30000;1
15/9-13;2890.00;435305.60;6479063.40;-2832.20;NORTH_SEA_GP;Hugin Fm.;8.50;2.15;2.45;65.2;0.22;3.50;88.4;30000;1
15/9-13;2900.00;435306.00;6479064.00;-2842.00;NORTH_SEA_GP;Hugin Fm.;8.50;2.15;2.45;65.2;0.22;3.50;88.4;30000;1
15/9-13;2910.00;435306.40;6479064.60;-2851.80;NORTH_SEA_GP;Hugin Fm.;8.50;2.15;2.45;65.2;0.22;3.50;88.4;30000;1
15/9-13;2920.00;435306.80;6479065.20;-2861.60;NORTH_SEA_GP;Hugin Fm.;8.50;2.15;2.45;65.2;0.22;3.50;88.4;30000;1
15/9-13;2930.00;435307.20;6479065.80;-2871.40;NORTH_SEA_GP;Hugin Fm.;8.50;2.15;2.45;65.2;0.22;3.50;88.4;30000;1
15/9-13;2940.00;435307.60;6479066.40;-2881.20;NORTH_SEA_GP;Hugin Fm.;8.50;2.15;2.45;65.2;0.22;3.50;88.4;30000;1
15/9-13;2950.00;435308.00;6479067.00;-2891.00;NORTH_SEA_GP;Hugin Fm.;8.50;2.15;2.45;65.2;0.22;3.50;88.4;30000;1
15/9-13;2960.00;435308.40;6479067.60;-2900.80;NORTH_SEA_GP;Hugin Fm.;8.50;2.15;2.45;65.2;0.22;3.50;88.4;30000;1
15/9-13;2970.00;435308.80;6479068.20;-2910.60;NORTH_SEA_GP;Hugin Fm.;8.50;2.15;2.45;65.2;0.22;3.50;88.4;30000;1
15/9-13;2980.00;435309.20;6479068.80;-2920.40;NORTH_SEA_GP;Hugin Fm.;8.50;2.15;2.45;65.2;0.22;3.50;88.4;30000;1
15/9-13;2990.00;435309.60;6479069.40;-2930.20;NORTH_SEA_GP;Hugin Fm.;8.50;2.15;2.45;65.2;0.22;3.50;88.4;30000;1
15/9-13;3000.00;435310.00;6479070.00;-2940.00;NORTH_SEA_GP;Hugin Fm.;8.50;2.15;2.45;65.2;0.22;3.50;88.4;30000;1
15/9-13;3010.00;435310.40;6479070.60;-2949.80;NORTH_SEA_GP;Hugin Fm.;8.50;2.15;2.45;65.2;0.22;3.50;88.4;30000;1
15/9-13;3020.00;435310.80;6479071.20;-2959.60;NORTH_SEA_GP;Hugin Fm.;8.50;2.15;2.45;65.2;0.22;3.50;88.4;30000;1
15/9-13;3030.00;435311.20;6479071.80;-2969.40;NORTH_SEA_GP;Hugin Fm.;8.50;2.15;2.45;65.2;0.22;3.50;88.4;30000;1
15/9-13;3040.00;435311.60;6479072.40;-2979.20;NORTH_SEA_GP;Hugin Fm.;8.50;2.15;2.45;65.2;0.22;3.50;88.4;30000;1
15/9-13;3050.00;435312.00;6479073.00;-2989.00;NORTH_SEA_GP;Hugin Fm.;8.50;2.15;2.45;65.2;0.22;3.50;88.4;30000;1
15/9-13;3060.00;435312.40;6479073.60;-2998.80;NORTH_SEA_GP;Hugin Fm.;8.50;2.15;2.45;65.2;0.22;3.50;88.4;30000;1
15/9-13;3070.00;435312.80;6479074.20;-3008.60;NORTH_SEA_GP;Hugin Fm.;8.50;2.15;2.45;65.2;0.22;3.50;88.4;30000;1
15/9-13;3080.00;435313.20;6479074.80;-3018.40;NORTH_SEA_GP;Hugin Fm.;8.50;2.15;2.45;65.2;0.22;3.50;88.4;30000;1
15/9-13;3090.00;435313.60;6479075.40;-3028.20;NORTH_SEA_GP;Hugin Fm.;8.50;2.15;2.45;65.2;0.22;3.50;88.4;30000;1
15/9-13;3100.00;435314.00;6479076.00;-3038.00;NORTH_SEA_GP;Hugin Fm.;8.50;2.15;2.45;65.2;0.22;3.50;88.4;30000;1
15/9-13;3110.00;435314.40;6479076.60;-3047.80;NORTH_SEA_GP;Hugin Fm.;8.50;2.15;2.45;65.2;0.22;3.50;88.4;30000;1
15/9-13;3120.00;435314.80;6479077.20;-3057.60;NORTH_SEA_GP;Hugin Fm.;8.50;2.15;2.45;65.2;0.22;3.50;88.4;30000;1
15/9-13;3130.00;435315.20;6479077.80;-3067.40;NORTH_SEA_GP;Hugin Fm.;8.50;2.15;2.45;65.2;0.22;3.50;88.4;30000;1
15/9-13;3140.00;435315.60;6479078.40;-3077.20;NORTH_SEA_GP;Hugin Fm.;8.50;2.15;2.45;65.2;0.22;3.50;88.4;30000;1
15/9-13;3150.00;435316.00;6479079.00;-3087.00;NORTH_SEA_GP;Hugin Fm.;8.50;2.15;2.45;65.2;0.22;3.50;88.4;30000;1
15/9-13;3160.00;435316.40;6479079.60;-3096.80;NORTH_SEA_GP;Hugin Fm.;8.50;2.15;2.45;65.2;0.22;3.50;88.4;30000;1
15/9-13;3170.00;435316.80;6479080.20;-3106.60;NORTH_SEA_GP;Hugin Fm.;8.50;2.15;2.45;65.2;0.22;3.50;88.4;30000;1
15/9-13;3180.00;435317.20;6479080.80;-3116.40;NORTH_SEA_GP;Hugin Fm.;8.50;2.15;2.45;65.2;0.22;3.50;88.4;30000;1
15/9-13;3190.00;435317.60;6479081.40;-3126.20;NORTH_SEA_GP;Hugin Fm.;8.50;2.15;2.45;65.2;0.22;3.50;88.4;30000;1
15/9-13;3200.00;435318.00;6479082.00;-3136.00;NORTH_SEA_GP;Hugin Fm.;8.50;2.15;2.45;65.2;0.22;3.50;88.4;30000;1
15/9-13;3210.00;435318.40;6479082.60;-3145.80;NORTH_SEA_GP;Hugin Fm.;8.50;2.15;2.45;65.2;0.22;3.50;88.4;30000;1
15/9-13;3220.00;435318.80;6479083.20;-3155.60;NORTH_SEA_GP;Hugin Fm.;8.50;2.15;2.45;65.2;0.22;3.50;88.4;30000;1
15/9-13;3230.00;435319.20;6479083.80;-3165.40;NORTH_SEA_GP;Hugin Fm.;8.50;2.15;2.45;65.2;0.22;3.50;88.4;30000;1
15/9-13;3240.00;435319.60;6479084.40;-3175.20;NORTH_SEA_GP;Hugin Fm.;8.50;2.15;2.45;65.2;0.22;3.50;88.4;30000;1
15/9-13;3250.00;435320.00;6479085.00;-3185.00;NORTH_SEA_GP;Hugin Fm.;8.50;2.15;2.45;65.2;0.22;3.50;88.4;30000;1
16/1-2;500.00;454320.00;6523100.00;-490.00;NORTH_SEA_GP;Nordland Gp.;8.50;2.15;2.45;65.2;0.22;3.50;88.4;30000;1
16/1-2;510.00;454320.40;6523100.60;-499.80;NORTH_SEA_GP;Nordland Gp.;8.50;2.15;2.45;65.2;0.22;3.50;88.4;30000;1
16/1-2;520.00;454320.80;6523101.20;-509.60;NORTH_SEA_GP;Nordland Gp.;8.50;2.15;2.45;65.2;0.22;3.50;88.4;30000;1
16/1-2;530.00;454321.20;6523101.80;-519.40;NORTH_SEA_GP;Nordland Gp.;8.50;2.15;2.45;65.2;0.22;3.50;88.4;30000;1
16/1-2;540.00;454321.60;6523102.40;-529.20;NORTH_SEA_GP;Nordland Gp.;8.50;2.15;2.45;65.2;0.22;3.50;88.4;30000;1
16/1-2;550.00;454322.00;6523103.00;-539.00;NORTH_SEA_GP;Nordland Gp.;8.50;2.15;2.45;65.2;0.22;3.50;88.4;30000;1
16/1-2;560.00;454322.40;6523103.60;-548.80;NORTH_SEA_GP;Nordland Gp.;8.50;2.15;2.45;65.2;0.22;3.50;88.4;30000;1
16/1-2;570.00;454322.80;6523104.20;-558.60;NORTH_SEA_GP;Nordland Gp.;8.50;2.15;2.45;65.2;0.22;3.50;88.4;30000;1
16/1-2;580.00;454323.20;6523104.80;-568.40;NORTH_SEA_GP;Nordland Gp.;8.50;2.15;2.45;65.2;0.22;3.50;88.4;30000;1
16/1-2;590.00;454323.60;6523105.40;-578.20;NORTH_SEA_GP;Nordland Gp.;8.50;2.15;2.45;65.2;0.22;3.50;88.4;30000;1
16/1-2;600.00;454324.00;6523106.00;-588.00;NORTH_SEA_GP;Nordland Gp.;8.50;2.15;2.45;65.2;0.22;3.50;88.4;30000;1
16/1-2;610.00;454324.40;6523106.60;-597.80;NORTH_SEA_GP;Nordland Gp.;8.50;2.15;2.45;65.2;0.22;3.50;88.4;30000;1
16/1-2;620.00;454324.80;6523107.20;-607.60;NORTH_SEA_GP;Nordland Gp.;8.50;2.15;2.45;65.2;0.22;3.50;88.4;30000;1
16/1-2;630.00;454325.20;6523107.80;-617.40;NORTH_SEA_GP;Nordland Gp.;8.50;2.15;2.45;65.2;0.22;3.50;88.4;30000;1
16/1-2;640.00;454325.60;6523108.40;-627.20;NORTH_SEA_GP;Nordland Gp.;8.50;2.15;2.45;65.2;0.22;3.50;88.4;30000;1
16/1-2;650.00;454326.00;6523109.00;-637.00;NORTH_SEA_GP;Nordland Gp.;8.50;2.15;2.45;65.2;0.22;3.50;88.4;30000;1
16/1-2;660.00;454326.40;6523109.60;-646.80;NORTH_SEA_GP;Nordland Gp.;8.50;2.15;2.45;65.2;0.22;3.50;88.4;30000;1
16/1-2;670.00;454326.80;6523110.20;-656.60;NORTH_SEA_GP;Nordland Gp.;8.50;2.15;2.45;65.2;0.22;3.50;88.4;30000;1
16/1-2;680.00;454327.20;6523110.80;-666.40;NORTH_SEA_GP;Nordland Gp.;8.50;2.15;2.45;65.2;0.22;3.50;88.4;30000;1
16/1-2;690.00;454327.60;6523111.40;-676.20;NORTH_SEA_GP;Nordland Gp.;8.50;2.15;2.45;65.2;0.22;3.50;88.4;30000;1
16/1-2;700.00;454328.00;6523112.00;-686.00;NORTH_SEA_GP;Nordland Gp.;8.50;2.15;2.45;65.2;0.22;3.50;88.4;30000;1
16/1-2;710.00;454328.40;6523112.60;-695.80;NORTH_SEA_GP;Nordland Gp.;8.50;2.15;2.45;65.2;0.22;3.50;88.4;30000;1
16/1-2;720.00;454328.80;6523113.20;-705.60;NORTH_SEA_GP;Nordland Gp.;8.50;2.15;2.45;65.2;0.22;3.50;88.4;30000;1
16/1-2;730.00;454329.20;6523113.80;-715.40;NORTH_SEA_GP;Nordland Gp.;8.50;2.15;2.45;65.2;0.22;3.50;88.4;30000;1
16/1-2;740.00;454329.60;6523114.40;-725.20;NORTH_SEA_GP;Nordland Gp.;8.50;2.15;2.45;65.2;0.22;3.50;88.4;30000;1
16/1-2;750.00;454330.00;6523115.00;-735.00;NORTH_SEA_GP;Nordland Gp.;8.50;2.15;2.45;65.2;0.22;3.50;88.4;30000;1
16/1-2;760.00;454330.40;6523115.60;-744.80;NORTH_SEA_GP;Nordland Gp.;8.50;2.15;2.45;65.2;0.22;3.50;88.4;30000;1
16/1-2;770.00;454330.80;6523116.20;-754.60;NORTH_SEA_GP;Nordland Gp.;8.50;2.15;2.45;65.2;0.22;3.50;88.4;30000;1
16/1-2;780.00;454331.20;6523116.80;-764.40;NORTH_SEA_GP;Nordland Gp.;8.50;2.15;2.45;65.2;0.22;3.50;88.4;30000;1
16/1-2;790.00;454331.60;6523117.40;-774.20;NORTH_SEA_GP;Nordland Gp.;8.50;2.15;2.45;65.2;0.22;3.50;88.4;30000;1
16/1-2;800.00;454332.00;6523118.00;-784.00;NORTH_SEA_GP;Nordland Gp.;8.50;2.15;2.45;65.2;0.22;3.50;88.4;30000;1
16/1-2;810.00;454332.40;6523118.60;-793.80;NORTH_SEA_GP;Nordland Gp.;8.50;2.15;2.45;65.2;0.22;3.50;88.4;30000;1
16/1-2;820.00;454332.80;6523119.20;-803.60;NORTH_SEA_GP;Nordland Gp.;8.50;2.15;2.45;65.2;0.22;3.50;88.4;30000;1
16/1-2;830.00;454333.20;6523119.80;-813.40;NORTH_SEA_GP;Nordland Gp.;8.50;2.15;2.45;65.2;0.22;3.50;88.4;30000;1
16/1-2;840.00;454333.60;6523120.40;-823.20;NORTH_SEA_GP;Nordland Gp.;8.50;2.15;2.45;65.2;0.22;3.50;88.4;30000;1
16/1-2;850.00;454334.00;6523121.00;-833.00;NORTH_SEA_GP;Nordland Gp.;8.50;2.15;2.45;65.2;0.22;3.50;88.4;30000;1
16/1-2;860.00;454334.40;6523121.60;-842.80;NORTH_SEA_GP;Nordland Gp.;8.50;2.15;2.45;65.2;0.22;3.50;88.4;30000;1
16/1-2;870.00;454334.80;6523122.20;-852.60;NORTH_SEA_GP;Nordland Gp.;8.50;2.15;2.45;65.2;0.22;3.50;88.4;30000;1
16/1-2;880.00;454335.20;6523122.80;-862.40;NORTH_SEA_GP;Nordland Gp.;8.50;2.15;2.45;65.2;0.22;3.50;88.4;30000;1
16/1-2;890.00;454335.60;6523123.40;-872.20;NORTH_SEA_GP;Nordland Gp.;8.50;2.15;2.45;65.2;0.22;3.50;88.4;30000;1
16/1-2;900.00;454336.00;6523124.00;-882.00;NORTH_SEA_GP;Nordland Gp.;8.50;2.15;2.45;65.2;0.22;3.50;88.4;30000;1
16/1-2;910.00;454336.40;6523124.60;-891.80;NORTH_SEA_GP;Nordland Gp.;8.50;2.15;2.45;65.2;0.22;3.50;88.4;30000;1
16/1-2;920.00;454336.80;6523125.20;-901.60;NORTH_SEA_GP;Nordland Gp.;8.50;2.15;2.45;65.2;0.22;3.50;88.4;30000;1
16/1-2;930.00;454337.20;6523125.80;-911.40;NORTH_SEA_GP;Nordland Gp.;8.50;2.15;2.45;65.2;0.22;3.50;88.4;30000;1
16/1-2;940.00;454337.60;6523126.40;-921.20;NORTH_SEA_GP;Nordland Gp.;8.50;2.15;2.45;65.2;0.22;3.50;88.4;30000;1
16/1-2;950.00;454338.00;6523127.00;-931.00;NORTH_SEA_GP;Nordland Gp.;8.50;2.15;2.45;65.2;0.22;3.50;88.4;30000;1
16/1-2;960.00;454338.40;6523127.60;-940.80;NORTH_SEA_GP;Nordland Gp.;8.50;2.15;2.45;65.2;0.22;3.50;88.4;30000;1
16/1-2;970.00;454338.80;6523128.20;-950.60;NORTH_SEA_GP;Nordland Gp.;8.50;2.15;2.45;65.2;0.22;3.50;88.4;30000;1
16/1-2;980.00;454339.20;6523128.80;-960.40;NORTH_SEA_GP;Nordland Gp.;8.50;2.15;2.45;65.2;0.22;3.50;88.4;30000;1
16/1-2;990.00;454339.60;6523129.40;-970.20;NORTH_SEA_GP;Nordland Gp.;8.50;2.15;2.45;65.2;0.22;3.50;88.4;30000;1
16/1-2;1000.00;454340.00;6523130.00;-980.00;NORTH_SEA_GP;Hordaland Gp.;8.50;2.15;2.45;65.2;0.22;3.50;88.4;30000;1
16/1-2;1010.00;454340.40;6523130.60;-989.80;NORTH_SEA_GP;Hordaland Gp.;8.50;2.15;2.45;65.2;0.22;3.50;88.4;30000;1
16/1-2;1020.00;454340.80;6523131.20;-999.60;NORTH_SEA_GP;Hordaland Gp.;8.50;2.15;2.45;65.2;0.22;3.50;88.4;30000;1
16/1-2;1030.00;454341.20;6523131.80;-1009.40;NORTH_SEA_GP;Hordaland Gp.;8.50;2.15;2.45;65.2;0.22;3.50;88.4;30000;1
16/1-2;1040.00;454341.60;6523132.40;-1019.20;NORTH_SEA_GP;Hordaland Gp.;8.50;2.15;2.45;65.2;0.22;3.50;88.4;30000;1
16/1-2;1050.00;454342.00;6523133.00;-1029.00;NORTH_SEA_GP;Hordaland Gp.;8.50;2.15;2.45;65.2;0.22;3.50;88.4;30000;1
16/1-2;1060.00;454342.40;6523133.60;-1038.80;NORTH_SEA_GP;Hordaland Gp.;8.50;2.15;2.45;65.2;0.22;3.50;88.4;30000;1
16/1-2;1070.00;454342.80;6523134.20;-1048.60;NORTH_SEA_GP;Hordaland Gp.;8.50;2.15;2.45;65.2;0.22;3.50;88.4;30000;1
16/1-2;1080.00;454343.20;6523134.80;-1058.40;NORTH_SEA_GP;Hordaland Gp.;8.50;2.15;2.45;65.2;0.22;3.50;88.4;30000;1
16/1-2;1090.00;454343.60;6523135.40;-1068.20;NORTH_SEA_GP;Hordaland Gp.;8.50;2.15;2.45;65.2;0.22;3.50;88.4;30000;1
16/1-2;1100.00;454344.00;6523136.00;-1078.00;NORTH_SEA_GP;Hordaland Gp.;8.50;2.15;2.45;65.2;0.22;3.50;88.4;30000;1
16/1-2;1110.00;454344.40;6523136.60;-1087.80;NORTH_SEA_GP;Hordaland Gp.;8.50;2.15;2.45;65.2;0.22;3.50;88.4;30000;1
16/1-2;1120.00;454344.80;6523137.20;-1097.60;NORTH_SEA_GP;Hordaland Gp.;8.50;2.15;2.45;65.2;0.22;3.50;88.4;30000;1
16/1-2;1130.00;454345.20;6523137.80;-1107.40;NORTH_SEA_GP;Hordaland Gp.;8.50;2.15;2.45;65.2;0.22;3.50;88.4;30000;1
16/1-2;1140.00;454345.60;6523138.40;-1117.20;NORTH_SEA_GP;Hordaland Gp.;8.50;2.15;2.45;65.2;0.22;3.50;88.4;30000;1
16/1-2;1150.00;454346.00;6523139.00;-1127.00;NORTH_SEA_GP;Hordaland Gp.;8.50;2.15;2.45;65.2;0.22;3.50;88.4;30000;1
16/1-2;1160.00;454346.40;6523139.60;-1136.80;NORTH_SEA_GP;Hordaland Gp.;8.50;2.15;2.45;65.2;0.22;3.50;88.4;30000;1
16/1-2;1170.00;454346.80;6523140.20;-1146.60;NORTH_SEA_GP;Hordaland Gp.;8.50;2.15;2.45;65.2;0.22;3.50;88.4;30000;1
16/1-2;1180.00;454347.20;6523140.80;-1156.40;NORTH_SEA_GP;Hordaland Gp.;8.50;2.15;2.45;65.2;0.22;3.50;88.4;30000;1
16/1-2;1190.00;454347.60;6523141.40;-1166.20;NORTH_SEA_GP;Hordaland Gp.;8.50;2.15;2.45;65.2;0.22;3.50;88.4;30000;1
16/1-2;1200.00;454348.00;6523142.00;-1176.00;NORTH_SEA_GP;Hordaland Gp.;8.50;2.15;2.45;65.2;0.22;3.50;88.4;30000;1
16/1-2;1210.00;454348.40;6523142.60;-1185.80;NORTH_SEA_GP;Hordaland Gp.;8.50;2.15;2.45;65.2;0.22;3.50;88.4;30000;1
16/1-2;1220.00;454348.80;6523143.20;-1195.60;NORTH_SEA_GP;Hordaland Gp.;8.50;2.15;2.45;65.2;0.22;3.50;88.4;30000;1
16/1-2;1230.00;454349.20;6523143.80;-1205.40;NORTH_SEA_GP;Hordaland Gp.;8.50;2.15;2.45;65.2;0.22;3.50;88.4;30000;1
16/1-2;1240.00;454349.60;6523144.40;-1215.20;NORTH_SEA_GP;Hordaland Gp.;8.50;2.15;2.45;65.2;0.22;3.50;88.4;30000;1
16/1-2;1250.00;454350.00;6523145.00;-1225.00;NORTH_SEA_GP;Hordaland Gp.;8.50;2.15;2.45;65.2;0.22;3.50;88.4;30000;1
16/1-2;1260.00;454350.40;6523145.60;-1234.80;NORTH_SEA_GP;Hordaland Gp.;8.50;2.15;2.45;65.2;0.22;3.50;88.4;30000;1
16/1-2;1270.00;454350.80;6523146.20;-1244.60;NORTH_SEA_GP;Hordaland Gp.;8.50;2.15;2.45;65.2;0.22;3.50;88.4;30000;1
16/1-2;1280.00;454351.20;6523146.80;-1254.40;NORTH_SEA_GP;Hordaland Gp.;8.50;2.15;2.45;65.2;0.22;3.50;88.4;30000;1
16/1-2;1290.00;454351.60;6523147.40;-1264.20;NORTH_SEA_GP;Hordaland Gp.;8.50;2.15;2.45;65.2;0.22;3.50;88.4;30000;1
16/1-2;1300.00;454352.00;6523148.00;-1274.00;NORTH_SEA_GP;Hordaland Gp.;8.50;2.15;2.45;65.2;0.22;3.50;88.4;30000;1
16/1-2;1310.00;454352.40;6523148.60;-1283.80;NORTH_SEA_GP;Hordaland Gp.;8.50;2.15;2.45;65.2;0.22;3.50;88.4;30000;1
16/1-2;1320.00;454352.80;6523149.20;-1293.60;NORTH_SEA_GP;Hordaland Gp.;8.50;2.15;2.45;65.2;0.22;3.50;88.4;30000;1
16/1-2;1330.00;454353.20;6523149.80;-1303.40;NORTH_SEA_GP;Hordaland Gp.;8.50;2.15;2.45;65.2;0.22;3.50;88.4;30000;1
16/1-2;1340.00;454353.60;6523150.40;-1313.20;NORTH_SEA_GP;Hordaland Gp.;8.50;2.15;2.45;65.2;0.22;3.50;88.4;30000;1
16/1-2;1350.00;454354.00;6523151.00;-1323.00;NORTH_SEA_GP;Hordaland Gp.;8.50;2.15;2.45;65.2;0.22;3.50;88.4;30000;1
16/1-2;1360.00;454354.40;6523151.60;-1332.80;NORTH_SEA_GP;Hordaland Gp.;8.50;2.15;2.45;65.2;0.22;3.50;88.4;30000;1
16/1-2;1370.00;454354.80;6523152.20;-1342.60;NORTH_SEA_GP;Hordaland Gp.;8.50;2.15;2.45;65.2;0.22;3.50;88.4;30000;1
16/1-2;1380.00;454355.20;6523152.80;-1352.40;NORTH_SEA_GP;Hordaland Gp.;8.50;2.15;2.45;65.2;0.22;3.50;88.4;30000;1
16/1-2;1390.00;454355.60;6523153.40;-1362.20;NORTH_SEA_GP;Hordaland Gp.;8.50;2.15;2.45;65.2;0.22;3.50;88.4;30000;1
16/1-2;1400.00;454356.00;6523154.00;-1372.00;NORTH_SEA_GP;Hordaland Gp.;8.50;2.15;2.45;65.2;0.22;3.50;88.4;30000;1
16/1-2;1410.00;454356.40;6523154.60;-1381.80;NORTH_SEA_GP;Hordaland Gp.;8.50;2.15;2.45;65.2;0.22;3.50;88.4;30000;1
16/1-2;1420.00;454356.80;6523155.20;-1391.60;NORTH_SEA_GP;Hordaland Gp.;8.50;2.15;2.45;65.2;0.22;3.50;88.4;30000;1
16/1-2;1430.00;454357.20;6523155.80;-1401.40;NORTH_SEA_GP;Hordaland Gp.;8.50;2.15;2.45;65.2;0.22;3.50;88.4;30000;1
16/1-2;1440.00;454357.60;6523156.40;-1411.20;NORTH_SEA_GP;Hordaland Gp.;8.50;2.15;2.45;65.2;0.22;3.50;88.4;30000;1
16/1-2;1450.00;454358.00;6523157.00;-1421.00;NORTH_SEA_GP;Hordaland Gp.;8.50;2.15;2.45;65.2;0.22;3.50;88.4;30000;1
16/1-2;1460.00;454358.40;6523157.60;-1430.80;NORTH_SEA_GP;Hordaland Gp.;8.50;2.15;2.45;65.2;0.22;3.50;88.4;30000;1
16/1-2;1470.00;454358.80;6523158.20;-1440.60;NORTH_SEA_GP;Hordaland Gp.;8.50;2.15;2.45;65.2;0.22;3.50;88.4;30000;1
16/1-2;1480.00;454359.20;6523158.80;-1450.40;NORTH_SEA_GP;Hordaland Gp.;8.50;2.15;2.45;65.2;0.22;3.50;88.4;30000;1
16/1-2;1490.00;454359.60;6523159.40;-1460.20;NORTH_SEA_GP;Hordaland Gp.;8.50;2.15;2.45;65.2;0.22;3.50;88.4;30000;1
16/1-2;1500.00;454360.00;6523160.00;-1470.00;NORTH_SEA_GP;Lista Fm.;8.50;2.15;2.45;65.2;0.22;3.50;88.4;30000;1
16/1-2;1510.00;454360.40;6523160.60;-1479.80;NORTH_SEA_GP;Lista Fm.;8.50;2.15;2.45;65.2;0.22;3.50;88.4;30000;1
16/1-2;1520.00;454360.80;6523161.20;-1489.60;NORTH_SEA_GP;Lista Fm.;8.50;2.15;2.45;65.2;0.22;3.50;88.4;30000;1
16/1-2;1530.00;454361.20;6523161.80;-1499.40;NORTH_SEA_GP;Lista Fm.;8.50;2.15;2.45;65.2;0.22;3.50;88.4;30000;1
16/1-2;1540.00;454361.60;6523162.40;-1509.20;NORTH_SEA_GP;Lista Fm.;8.50;2.15;2.45;65.2;0.22;3.50;88.4;30000;1
16/1-2;1550.00;454362.00;6523163.00;-1519.00;NORTH_SEA_GP;Lista Fm.;8.50;2.15;2.45;65.2;0.22;3.50;88.4;30000;1
16/1-2;1560.00;454362.40;6523163.60;-1528.80;NORTH_SEA_GP;Lista Fm.;8.50;2.15;2.45;65.2;0.22;3.50;88.4;30000;1
16/1-2;1570.00;454362.80;6523164.20;-1538.60;NORTH_SEA_GP;Lista Fm.;8.50;2.15;2.45;65.2;0.22;3.50;88.4;30000;1
16/1-2;1580.00;454363.20;6523164.80;-1548.40;NORTH_SEA_GP;Lista Fm.;8.50;2.15;2.45;65.2;0.22;3.50;88.4;30000;1
16/1-2;1590.00;454363.60;6523165.40;-1558.20;NORTH_SEA_GP;Lista Fm.;8.50;2.15;2.45;65.2;0.22;3.50;88.4;30000;1
16/1-2;1600.00;454364.00;6523166.00;-1568.00;NORTH_SEA_GP;Lista Fm.;8.50;2.15;2.45;65.2;0.22;3.50;88.4;30000;1
16/1-2;1610.00;454364.40;6523166.60;-1577.80;NORTH_SEA_GP;Lista Fm.;8.50;2.15;2.45;65.2;0.22;3.50;88.4;30000;1
16/1-2;1620.00;454364.80;6523167.20;-1587.60;NORTH_SEA_GP;Lista Fm.;8.50;2.15;2.45;65.2;0.22;3.50;88.4;30000;1
16/1-2;1630.00;454365.20;6523167.80;-1597.40;NORTH_SEA_GP;Lista Fm.;8.50;2.15;2.45;65.2;0.22;3.50;88.4;30000;1
16/1-2;1640.00;454365.60;6523168.40;-1607.20;NORTH_SEA_GP;Lista Fm.;8.50;2.15;2.45;65.2;0.22;3.50;88.4;30000;1
16/1-2;1650.00;454366.00;6523169.00;-1617.00;NORTH_SEA_GP;Lista Fm.;8.50;2.15;2.45;65.2;0.22;3.50;88.4;30000;1
16/1-2;1660.00;454366.40;6523169.60;-1626.80;NORTH_SEA_GP;Lista Fm.;8.50;2.15;2.45;65.2;0.22;3.50;88.4;30000;1
16/1-2;1670.00;454366.80;6523170.20;-1636.60;NORTH_SEA_GP;Lista Fm.;8.50;2.15;2.45;65.2;0.22;3.50;88.4;30000;1
16/1-2;1680.00;454367.20;6523170.80;-1646.40;NORTH_SEA_GP;Lista Fm.;8.50;2.15;2.45;65.2;0.22;3.50;88.4;30000;1
16/1-2;1690.00;454367.60;6523171.40;-1656.20;NORTH_SEA_GP;Lista Fm.;8.50;2.15;2.45;65.2;0.22;3.50;88.4;30000;1
16/1-2;1700.00;454368.00;6523172.00;-1666.00;NORTH_SEA_GP;Lista Fm.;8.50;2.15;2.45;65.2;0.22;3.50;88.4;30000;1
16/1-2;1710.00;454368.40;6523172.60;-1675.80;NORTH_SEA_GP;Lista Fm.;8.50;2.15;2.45;65.2;0.22;3.50;88.4;30000;1
16/1-2;1720.00;454368.80;6523173.20;-1685.60;NORTH_SEA_GP;Lista Fm.;8.50;2.15;2.45;65.2;0.22;3.50;88.4;30000;1
16/1-2;1730.00;454369.20;6523173.80;-1695.40;NORTH_SEA_GP;Lista Fm.;8.50;2.15;2.45;65.2;0.22;3.50;88.4;30000;1
16/1-2;1740.00;454369.60;6523174.40;-1705.20;NORTH_SEA_GP;Lista Fm.;8.50;2.15;2.45;65.2;0.22;3.50;88.4;30000;1
16/1-2;1750.00;454370.00;6523175.00;-1715.00;NORTH_SEA_GP;Lista Fm.;8.50;2.15;2.45;65.2;0.22;3.50;88.4;30000;1
16/1-2;1760.00;454370.40;6523175.60;-1724.80;NORTH_SEA_GP;Lista Fm.;8.50;2.15;2.45;65.2;0.22;3.50;88.4;30000;1
16/1-2;1770.00;454370.80;6523176.20;-1734.60;NORTH_SEA_GP;Lista Fm.;8.50;2.15;2.45;65.2;0.22;3.50;88.4;30000;1
16/1-2;1780.00;454371.20;6523176.80;-1744.40;NORTH_SEA_GP;Lista Fm.;8.50;2.15;2.45;65.2;0.22;3.50;88.4;30000;1
16/1-2;1790.00;454371.60;6523177.40;-1754.20;NORTH_SEA_GP;Lista Fm.;8.50;2.15;2.45;65.2;0.22;3.50;88.4;30000;1
16/1-2;1800.00;454372.00;6523178.00;-1764.00;NORTH_SEA_GP;Lista Fm.;8.50;2.15;2.45;65.2;0.22;3.50;88.4;30000;1
16/1-2;1810.00;454372.40;6523178.60;-1773.80;NORTH_SEA_GP;Lista Fm.;8.50;2.15;2.45;65.2;0.22;3.50;88.4;30000;1
16/1-2;1820.00;454372.80;6523179.20;-1783.60;NORTH_SEA_GP;Lista Fm.;8.50;2.15;2.45;65.2;0.22;3.50;88.4;30000;1
16/1-2;1830.00;454373.20;6523179.80;-1793.40;NORTH_SEA_GP;Lista Fm.;8.50;2.15;2.45;65.2;0.22;3.50;88.4;30000;1
16/1-2;1840.00;454373.60;6523180.40;-1803.20;NORTH_SEA_GP;Lista Fm.;8.50;2.15;2.45;65.2;0.22;3.50;88.4;30000;1
16/1-2;1850.00;454374.00;6523181.00;-1813.00;NORTH_SEA_GP;Lista Fm.;8.50;2.15;2.45;65.2;0.22;3.50;88.4;30000;1
16/1-2;1860.00;454374.40;6523181.60;-1822.80;NORTH_SEA_GP;Lista Fm.;8.50;2.15;2.45;65.2;0.22;3.50;88.4;30000;1
16/1-2;1870.00;454374.80;6523182.20;-1832.60;NORTH_SEA_GP;Lista Fm.;8.50;2.15;2.45;65.2;0.22;3.50;88.4;30000;1
16/1-2;1880.00;454375.20;6523182.80;-1842.40;NORTH_SEA_GP;Lista Fm.;8.50;2.15;2.45;65.2;0.22;3.50;88.4;30000;1
16/1-2;1890.00;454375.60;6523183.40;-1852.20;NORTH_SEA_GP;Lista Fm.;8.50;2.15;2.45;65.2;0.22;3.50;88.4;30000;1
16/1-2;1900.00;454376.00;6523184.00;-1862.00;NORTH_SEA_GP;Lista Fm.;8.50;2.15;2.45;65.2;0.22;3.50;88.4;30000;1
16/1-2;1910.00;454376.40;6523184.60;-1871.80;NORTH_SEA_GP;Lista Fm.;8.50;2.15;2.45;65.2;0.22;3.50;88.4;30000;1
16/1-2;1920.00;454376.80;6523185.20;-1881.60;NORTH_SEA_GP;Lista Fm.;8.50;2.15;2.45;65.2;0.22;3.50;88.4;30000;1
16/1-2;1930.00;454377.20;6523185.80;-1891.40;NORTH_SEA_GP;Lista Fm.;8.50;2.15;2.45;65.2;0.22;3.50;88.4;30000;1
16/1-2;1940.00;454377.60;6523186.40;-1901.20;NORTH_SEA_GP;Lista Fm.;8.50;2.15;2.45;65.2;0.22;3.50;88.4;30000;1
16/1-2;1950.00;454378.00;6523187.00;-1911.00;NORTH_SEA_GP;Lista Fm.;8.50;2.15;2.45;65.2;0.22;3.50;88.4;30000;1
16/1-2;1960.00;454378.40;6523187.60;-1920.80;NORTH_SEA_GP;Lista Fm.;8.50;2.15;2.45;65.2;0.22;3.50;88.4;30000;1
16/1-2;1970.00;454378.80;6523188.20;-1930.60;NORTH_SEA_GP;Lista Fm.;8.50;2.15;2.45;65.2;0.22;3.50;88.4;30000;1
16/1-2;1980.00;454379.20;6523188.80;-1940.40;NORTH_SEA_GP;Lista Fm.;8.50;2.15;2.45;65.2;0.22;3.50;88.4;30000;1
16/1-2;1990.00;454379.60;6523189.40;-1950.20;NORTH_SEA_GP;Heimdal Fm.;8.50;2.15;2.45;65.2;0.22;3.50;88.4;30000;1
16/1-2;2000.00;454380.00;6523190.00;-1960.00;NORTH_SEA_GP;Heimdal Fm.;8.50;2.15;2.45;65.2;0.22;3.50;88.4;30000;1
16/1-2;2010.00;454380.40;6523190.60;-1969.80;NORTH_SEA_GP;Heimdal Fm.;8.50;2.15;2.45;65.2;0.22;3.50;88.4;30000;1
16/1-2;2020.00;454380.80;6523191.20;-1979.60;NORTH_SEA_GP;Heimdal Fm.;8.50;2.15;2.45;65.2;0.22;3.50;88.4;30000;1
16/1-2;2030.00;454381.20;6523191.80;-1989.40;NORTH_SEA_GP;Heimdal Fm.;8.50;2.15;2.45;65.2;0.22;3.50;88.4;30000;1
16/1-2;2040.00;454381.60;6523192.40;-1999.20;NORTH_SEA_GP;Heimdal Fm.;8.50;2.15;2.45;65.2;0.22;3.50;88.4;30000;1
16/1-2;2050.00;454382.00;6523193.00;-2009.00;NORTH_SEA_GP;Heimdal Fm.;8.50;2.15;2.45;65.2;0.22;3.50;88.4;30000;1
16/1-2;2060.00;454382.40;6523193.60;-2018.80;NORTH_SEA_GP;Heimdal Fm.;8.50;2.15;2.45;65.2;0.22;3.50;88.4;30000;1
16/1-2;2070.00;454382.80;6523194.20;-2028.60;NORTH_SEA_GP;Heimdal Fm.;8.50;2.15;2.45;65.2;0.22;3.50;88.4;30000;1
16/1-2;2080.00;454383.20;6523194.80;-2038.40;NORTH_SEA_GP;Heimdal Fm.;8.50;2.15;2.45;65.2;0.22;3.50;88.4;30000;1
16/1-2;2090.00;454383.60;6523195.40;-2048.20;NORTH_SEA_GP;Heimdal Fm.;8.50;2.15;2.45;65.2;0.22;3.50;88.4;30000;1
16/1-2;2100.00;454384.00;6523196.00;-2058.00;NORTH_SEA_GP;Heimdal Fm.;8.50;2.15;2.45;65.2;0.22;3.50;88.4;30000;1
16/1-2;2110.00;454384.40;6523196.60;-2067.80;NORTH_SEA_GP;Heimdal Fm.;8.50;2.15;2.45;65.2;0.22;3.50;88.4;30000;1
16/1-2;2120.00;454384.80;6523197.20;-2077.60;NORTH_SEA_GP;Heimdal Fm.;8.50;2.15;2.45;65.2;0.22;3.50;88.4;30000;1
16/1-2;2130.00;454385.20;6523197.80;-2087.40;NORTH_SEA_GP;Heimdal Fm.;8.50;2.15;2.45;65.2;0.22;3.50;88.4;30000;1
16/1-2;2140.00;454385.60;6523198.40;-2097.20;NORTH_SEA_GP;Heimdal Fm.;8.50;2.15;2.45;65.2;0.22;3.50;88.4;30000;1
16/1-2;2150.00;454386.00;6523199.00;-2107.00;NORTH_SEA_GP;Heimdal Fm.;8.50;2.15;2.45;65.2;0.22;3.50;88.4;30000;1
16/1-2;2160.00;454386.40;6523199.60;-2116.80;NORTH_SEA_GP;Heimdal Fm.;8.50;2.15;2.45;65.2;0.22;3.50;88.4;30000;1
16/1-2;2170.00;454386.80;6523200.20;-2126.60;NORTH_SEA_GP;Heimdal Fm.;8.50;2.15;2.45;65.2;0.22;3.50;88.4;30000;1
16/1-2;2180.00;454387.20;6523200.80;-2136.40;NORTH_SEA_GP;Heimdal Fm.;8.50;2.15;2.45;65.2;0.22;3.50;88.4;30000;1
16/1-2;2190.00;454387.60;6523201.40;-2146.20;NORTH_SEA_GP;Heimdal Fm.;8.50;2.15;2.45;65.2;0.22;3.50;88.4;30000;1
16/1-2;2200.00;454388.00;6523202.00;-2156.00;NORTH_SEA_GP;Heimdal Fm.;8.50;2.15;2.45;65.2;0.22;3.50;88.4;30000;1
16/1-2;2210.00;454388.40;6523202.60;-2165.80;NORTH_SEA_GP;Heimdal Fm.;8.50;2.15;2.45;65.2;0.22;3.50;88.4;30000;1
16/1-2;2220.00;454388.80;6523203.20;-2175.60;NORTH_SEA_GP;Heimdal Fm.;8.50;2.15;2.45;65.2;0.22;3.50;88.4;30000;1
16/1-2;2230.00;454389.20;6523203.80;-2185.40;NORTH_SEA_GP;Heimdal Fm.;8.50;2.15;2.45;65.2;0.22;3.50;88.4;30000;1
16/1-2;2240.00;454389.60;6523204.40;-2195.20;NORTH_SEA_GP;Heimdal Fm.;8.50;2.15;2.45;65.2;0.22;3.50;88.4;30000;1
16/1-2;2250.00;454390.00;6523205.00;-2205.00;NORTH_SEA_GP;Heimdal Fm.;8.50;2.15;2.45;65.2;0.22;3.50;88.4;30000;1
16/1-2;2260.00;454390.40;6523205.60;-2214.80;NORTH_SEA_GP;Heimdal Fm.;8.50;2.15;2.45;65.2;0.22;3.50;88.4;30000;1
16/1-2;2270.00;454390.80;6523206.20;-2224.60;NORTH_SEA_GP;Heimdal Fm.;8.50;2.15;2.45;65.2;0.22;3.50;88.4;30000;1
16/1-2;2280.00;454391.20;6523206.80;-2234.40;NORTH_SEA_GP;Heimdal Fm.;8.50;2.15;2.45;65.2;0.22;3.50;88.4;30000;1
16/1-2;2290.00;454391.60;6523207.40;-2244.20;NORTH_SEA_GP;Heimdal Fm.;8.50;2.15;2.45;65.2;0.22;3.50;88.4;30000;1
16/1-2;2300.00;454392.00;6523208.00;-2254.00;NORTH_SEA_GP;Heimdal Fm.;8.50;2.15;2.45;65.2;0.22;3.50;88.4;30000;1
16/1-2;2310.00;454392.40;6523208.60;-2263.80;NORTH_SEA_GP;Heimdal Fm.;8.50;2.15;2.45;65.2;0.22;3.50;88.4;30000;1
16/1-2;2320.00;454392.80;6523209.20;-2273.60;NORTH_SEA_GP;Heimdal Fm.;8.50;2.15;2.45;65.2;0.22;3.50;88.4;30000;1
16/1-2;2330.00;454393.20;6523209.80;-2283.40;NORTH_SEA_GP;Heimdal Fm.;8.50;2.15;2.45;65.2;0.22;3.50;88.4;30000;1
16/1-2;2340.00;454393.60;6523210.40;-2293.20;NORTH_SEA_GP;Heimdal Fm.;8.50;2.15;2.45;65.2;0.22;3.50;88.4;30000;1
16/1-2;2350.00;454394.00;6523211.00;-2303.00;NORTH_SEA_GP;Heimdal Fm.;8.50;2.15;2.45;65.2;0.22;3.50;88.4;30000;1
16/1-2;2360.00;454394.40;6523211.60;-2312.80;NORTH_SEA_GP;Heimdal Fm.;8.50;2.15;2.45;65.2;0.22;3.50;88.4;30000;1
16/1-2;2370.00;454394.80;6523212.20;-2322.60;NORTH_SEA_GP;Heimdal Fm.;8.50;2.15;2.45;65.2;0.22;3.50;88.4;30000;1
16/1-2;2380.00;454395.20;6523212.80;-2332.40;NORTH_SEA_GP;Heimdal Fm.;8.50;2.15;2.45;65.2;0.22;3.50;88.4;30000;1
16/1-2;2390.00;454395.60;6523213.40;-2342.20;NORTH_SEA_GP;Heimdal Fm.;8.50;2.15;2.45;65.2;0.22;3.50;88.4;30000;1
16/1-2;2400.00;454396.00;6523214.00;-2352.00;NORTH_SEA_GP;Heimdal Fm.;8.50;2.15;2.45;65.2;0.22;3.50;88.4;30000;1
16/1-2;2410.00;454396.40;6523214.60;-2361.80;NORTH_SEA_GP;Heimdal Fm.;8.50;2.15;2.45;65.2;0.22;3.50;88.4;30000;1
16/1-2;2420.00;454396.80;6523215.20;-2371.60;NORTH_SEA_GP;Heimdal Fm.;8.50;2.15;2.45;65.2;0.22;3.50;88.4;30000;1
16/1-2;2430.00;454397.20;6523215.80;-2381.40;NORTH_SEA_GP;Heimdal Fm.;8.50;2.15;2.45;65.2;0.22;3.50;88.4;30000;1
16/1-2;2440.00;454397.60;6523216.40;-2391.20;NORTH_SEA_GP;Heimdal Fm.;8.50;2.15;2.45;65.2;0.22;3.50;88.4;30000;1
16/1-2;2450.00;454398.00;6523217.00;-2401.00;NORTH_SEA_GP;Heimdal Fm.;8.50;2.15;2.45;65.2;0.22;3.50;88.4;30000;1
16/1-2;2460.00;454398.40;6523217.60;-2410.80;NORTH_SEA_GP;Heimdal Fm.;8.50;2.15;2.45;65.2;0.22;3.50;88.4;30000;1
16/1-2;2470.00;454398.80;6523218.20;-2420.60;NORTH_SEA_GP;Heimdal Fm.;8.50;2.15;2.45;65.2;0.22;3.50;88.4;30000;1
16/1-2;2480.00;454399.20;6523218.80;-2430.40;NORTH_SEA_GP;Heimdal Fm.;8.50;2.15;2.45;65.2;0.22;3.50;88.4;30000;1
16/1-2;2490.00;454399.60;6523219.40;-2440.20;NORTH_SEA_GP;Tor Fm.;8.50;2.15;2.45;65.2;0.22;3.50;88.4;30000;1
16/1-2;2500.00;454400.00;6523220.00;-2450.00;NORTH_SEA_GP;Tor Fm.;8.50;2.15;2.45;65.2;0.22;3.50;88.4;30000;1
16/1-2;2510.00;454400.40;6523220.60;-2459.80;NORTH_SEA_GP;Tor Fm.;8.50;2.15;2.45;65.2;0.22;3.50;88.4;30000;1
16/1-2;2520.00;454400.80;6523221.20;-2469.60;NORTH_SEA_GP;Tor Fm.;8.50;2.15;2.45;65.2;0.22;3.50;88.4;30000;1
16/1-2;2530.00;454401.20;6523221.80;-2479.40;NORTH_SEA_GP;Tor Fm.;8.50;2.15;2.45;65.2;0.22;3.50;88.4;30000;1
16/1-2;2540.00;454401.60;6523222.40;-2489.20;NORTH_SEA_GP;Tor Fm.;8.50;2.15;2.45;65.2;0.22;3.50;88.4;30000;1
16/1-2;2550.00;454402.00;6523223.00;-2499.00;NORTH_SEA_GP;Tor Fm.;8.50;2.15;2.45;65.2;0.22;3.50;88.4;30000;1
16/1-2;2560.00;454402.40;6523223.60;-2508.80;NORTH_SEA_GP;Tor Fm.;8.50;2.15;2.45;65.2;0.22;3.50;88.4;30000;1
16/1-2;2570.00;454402.80;6523224.20;-2518.60;NORTH_SEA_GP;Tor Fm.;8.50;2.15;2.45;65.2;0.22;3.50;88.4;30000;1
16/1-2;2580.00;454403.20;6523224.80;-2528.40;NORTH_SEA_GP;Tor Fm.;8.50;2.15;2.45;65.2;0.22;3.50;88.4;30000;1
16/1-2;2590.00;454403.60;6523225.40;-2538.20;NORTH_SEA_GP;Tor Fm.;8.50;2.15;2.45;65.2;0.22;3.50;88.4;30000;1
16/1-2;2600.00;454404.00;6523226.00;-2548.00;NORTH_SEA_GP;Tor Fm.;8.50;2.15;2.45;65.2;0.22;3.50;88.4;30000;1
16/1-2;2610.00;454404.40;6523226.60;-2557.80;NORTH_SEA_GP;Tor Fm.;8.50;2.15;2.45;65.2;0.22;3.50;88.4;30000;1
16/1-2;2620.00;454404.80;6523227.20;-2567.60;NORTH_SEA_GP;Tor Fm.;8.50;2.15;2.45;65.2;0.22;3.50;88.4;30000;1
16/1-2;2630.00;454405.20;6523227.80;-2577.40;NORTH_SEA_GP;Tor Fm.;8.50;2.15;2.45;65.2;0.22;3.50;88.4;30000;1
16/1-2;2640.00;454405.60;6523228.40;-2587.20;NORTH_SEA_GP;Tor Fm.;8.50;2.15;2.45;65.2;0.22;3.50;88.4;30000;1
16/1-2;2650.00;454406.00;6523229.00;-2597.00;NORTH_SEA_GP;Tor Fm.;8.50;2.15;2.45;65.2;0.22;3.50;88.4;30000;1
16/1-2;2660.00;454406.40;6523229.60;-2606.80;NORTH_SEA_GP;Tor Fm.;8.50;2.15;2.45;65.2;0.22;3.50;88.4;30000;1
16/1-2;2670.00;454406.80;6523230.20;-2616.60;NORTH_SEA_GP;Tor Fm.;8.50;2.15;2.45;65.2;0.22;3.50;88.4;30000;1
16/1-2;2680.00;454407.20;6523230.80;-2626.40;NORTH_SEA_GP;Tor Fm.;8.50;2.15;2.45;65.2;0.22;3.50;88.4;30000;1
16/1-2;2690.00;454407.60;6523231.40;-2636.20;NORTH_SEA_GP;Tor Fm.;8.50;2.15;2.45;65.2;0.22;3.50;88.4;30000;1
16/1-2;2700.00;454408.00;6523232.00;-2646.00;NORTH_SEA_GP;Tor Fm.;8.50;2.15;2.45;65.2;0.22;3.50;88.4;30000;1
16/1-2;2710.00;454408.40;6523232.60;-2655.80;NORTH_SEA_GP;Tor Fm.;8.50;2.15;2.45;65.2;0.22;3.50;88.4;30000;1
16/1-2;2720.00;454408.80;6523233.20;-2665.60;NORTH_SEA_GP;Tor Fm.;8.50;2.15;2.45;65.2;0.22;3.50;88.4;30000;1
16/1-2;2730.00;454409.20;6523233.80;-2675.40;NORTH_SEA_GP;Tor Fm.;8.50;2.15;2.45;65.2;0.22;3.50;88.4;30000;1
16/1-2;2740.00;454409.60;6523234.40;-2685.20;NORTH_SEA_GP;Tor Fm.;8.50;2.15;2.45;65.2;0.22;3.50;88.4;30000;1
16/1-2;2750.00;454410.00;6523235.00;-2695.00;NORTH_SEA_GP;Tor Fm.;8.50;2.15;2.45;65.2;0.22;3.50;88.4;30000;1
16/1-2;2760.00;454410.40;6523235.60;-2704.80;NORTH_SEA_GP;Tor Fm.;8.50;2.15;2.45;65.2;0.22;3.50;88.4;30000;1
16/1-2;2770.00;454410.80;6523236.20;-2714.60;NORTH_SEA_GP;Tor Fm.;8.50;2.15;2.45;65.2;0.22;3.50;88.4;30000;1
16/1-2;2780.00;454411.20;6523236.80;-2724.40;NORTH_SEA_GP;Tor Fm.;8.50;2.15;2.45;65.2;0.22;3.50;88.4;30000;1
16/1-2;2790.00;454411.60;6523237.40;-2734.20;NORTH_SEA_GP;Tor Fm.;8.50;2.15;2.45;65.2;0.22;3.50;88.4;30000;1
16/1-2;2800.00;454412.00;6523238.00;-2744.00;NORTH_SEA_GP;Tor Fm.;8.50;2.15;2.45;65.2;0.22;3.50;88.4;30000;1
16/1-2;2810.00;454412.40;6523238.60;-2753.80;NORTH_SEA_GP;Tor Fm.;8.50;2.15;2.45;65.2;0.22;3.50;88.4;30000;1
16/1-2;2820.00;454412.80;6523239.20;-2763.60;NORTH_SEA_GP;Tor Fm.;8.50;2.15;2.45;65.2;0.22;3.50;88.4;30000;1
16/1-2;2830.00;454413.20;6523239.80;-2773.40;NORTH_SEA_GP;Tor Fm.;8.50;2.15;2.45;65.2;0.22;3.50;88.4;30000;1
16/1-2;2840.00;454413.60;6523240.40;-2783.20;NORTH_SEA_GP;Tor Fm.;8.50;2.15;2.45;65.2;0.22;3.50;88.4;30000;1
16/1-2;2850.00;454414.00;6523241.00;-2793.00;NORTH_SEA_GP;Tor Fm.;8.50;2.15;2.45;65.2;0.22;3.50;88.4;30000;1
16/1-2;2860.00;454414.40;6523241.60;-2802.80;NORTH_SEA_GP;Tor Fm.;8.50;2.15;2.45;65.2;0.22;3.50;88.4;30000;1
16/1-2;2870.00;454414.80;6523242.20;-2812.60;NORTH_SEA_GP;Tor Fm.;8.50;2.15;2.45;65.2;0.22;3.50;88.4;30000;1
16/1-2;2880.00;454415.20;6523242.80;-2822.40;NORTH_SEA_GP;Tor Fm.;8.50;2.15;2.45;65.2;0.22;3.50;88.4;30000;1
16/1-2;2890.00;454415.60;6523243.40;-2832.20;NORTH_SEA_GP;Tor Fm.;8.50;2.15;2.45;65.2;0.22;3.50;88.4;30000;1
16/1-2;2900.00;454416.00;6523244.00;-2842.00;NORTH_SEA_GP;Tor Fm.;8.50;2.15;2.45;65.2;0.22;3.50;88.4;30000;1
16/1-2;2910.00;454416.40;6523244.60;-2851.80;NORTH_SEA_GP;Tor Fm.;8.50;2.15;2.45;65.2;0.22;3.50;88.4;30000;1
16/1-2;2920.00;454416.80;6523245.20;-2861.60;NORTH_SEA_GP;Tor Fm.;8.50;2.15;2.45;65.2;0.22;3.50;88.4;30000;1
16/1-2;2930.00;454417.20;6523245.80;-2871.40;NORTH_SEA_GP;Tor Fm.;8.50;2.15;2.45;65.2;0.22;3.50;88.4;30000;1
16/1-2;2940.00;454417.60;6523246.40;-2881.20;NORTH_SEA_GP;Tor Fm.;8.50;2.15;2.45;65.2;0.22;3.50;88.4;30000;1
16/1-2;2950.00;454418.00;6523247.00;-2891.00;NORTH_SEA_GP;Tor Fm.;8.50;2.15;2.45;65.2;0.22;3.50;88.4;30000;1
16/1-2;2960.00;454418.40;6523247.60;-2900.80;NORTH_SEA_GP;Tor Fm.;8.50;2.15;2.45;65.2;0.22;3.50;88.4;30000;1
16/1-2;2970.00;454418.80;6523248.20;-2910.60;NORTH_SEA_GP;Tor Fm.;8.50;2.15;2.45;65.2;0.22;3.50;88.4;30000;1
16/1-2;2980.00;454419.20;6523248.80;-2920.40;NORTH_SEA_GP;Tor Fm.;8.50;2.15;2.45;65.2;0.22;3.50;88.4;30000;1
16/10-1;500.00;485100.00;6445200.00;-490.00;NORTH_SEA_GP;Hordaland Gp.;8.50;2.15;2.45;65.2;0.22;3.50;88.4;65000;1
16/10-1;510.00;485100.40;6445200.60;-499.80;NORTH_SEA_GP;Hordaland Gp.;8.50;2.15;2.45;65.2;0.22;3.50;88.4;65000;1
16/10-1;520.00;485100.80;6445201.20;-509.60;NORTH_SEA_GP;Hordaland Gp.;8.50;2.15;2.45;65.2;0.22;3.50;88.4;65000;1
16/10-1;530.00;485101.20;6445201.80;-519.40;NORTH_SEA_GP;Hordaland Gp.;8.50;2.15;2.45;65.2;0.22;3.50;88.4;65000;1
16/10-1;540.00;485101.60;6445202.40;-529.20;NORTH_SEA_GP;Hordaland Gp.;8.50;2.15;2.45;65.2;0.22;3.50;88.4;65000;1
16/10-1;550.00;485102.00;6445203.00;-539.00;NORTH_SEA_GP;Hordaland Gp.;8.50;2.15;2.45;65.2;0.22;3.50;88.4;65000;1
16/10-1;560.00;485102.40;6445203.60;-548.80;NORTH_SEA_GP;Hordaland Gp.;8.50;2.15;2.45;65.2;0.22;3.50;88.4;65000;1
16/10-1;570.00;485102.80;6445204.20;-558.60;NORTH_SEA_GP;Hordaland Gp.;8.50;2.15;2.45;65.2;0.22;3.50;88.4;65000;1
16/10-1;580.00;485103.20;6445204.80;-568.40;NORTH_SEA_GP;Hordaland Gp.;8.50;2.15;2.45;65.2;0.22;3.50;88.4;65000;1
16/10-1;590.00;485103.60;6445205.40;-578.20;NORTH_SEA_GP;Hordaland Gp.;8.50;2.15;2.45;65.2;0.22;3.50;88.4;65000;1
16/10-1;600.00;485104.00;6445206.00;-588.00;NORTH_SEA_GP;Hordaland Gp.;8.50;2.15;2.45;65.2;0.22;3.50;88.4;65000;1
16/10-1;610.00;485104.40;6445206.60;-597.80;NORTH_SEA_GP;Hordaland Gp.;8.50;2.15;2.45;65.2;0.22;3.50;88.4;65000;1
16/10-1;620.00;485104.80;6445207.20;-607.60;NORTH_SEA_GP;Hordaland Gp.;8.50;2.15;2.45;65.2;0.22;3.50;88.4;65000;1
16/10-1;630.00;485105.20;6445207.80;-617.40;NORTH_SEA_GP;Hordaland Gp.;8.50;2.15;2.45;65.2;0.22;3.50;88.4;65000;1
16/10-1;640.00;485105.60;6445208.40;-627.20;NORTH_SEA_GP;Hordaland Gp.;8.50;2.15;2.45;65.2;0.22;3.50;88.4;65000;1
16/10-1;650.00;485106.00;6445209.00;-637.00;NORTH_SEA_GP;Hordaland Gp.;8.50;2.15;2.45;65.2;0.22;3.50;88.4;65000;1
16/10-1;660.00;485106.40;6445209.60;-646.80;NORTH_SEA_GP;Hordaland Gp.;8.50;2.15;2.45;65.2;0.22;3.50;88.4;65000;1
16/10-1;670.00;485106.80;6445210.20;-656.60;NORTH_SEA_GP;Hordaland Gp.;8.50;2.15;2.45;65.2;0.22;3.50;88.4;65000;1
16/10-1;680.00;485107.20;6445210.80;-666.40;NORTH_SEA_GP;Hordaland Gp.;8.50;2.15;2.45;65.2;0.22;3.50;88.4;65000;1
16/10-1;690.00;485107.60;6445211.40;-676.20;NORTH_SEA_GP;Hordaland Gp.;8.50;2.15;2.45;65.2;0.22;3.50;88.4;65000;1
16/10-1;700.00;485108.00;6445212.00;-686.00;NORTH_SEA_GP;Hordaland Gp.;8.50;2.15;2.45;65.2;0.22;3.50;88.4;65000;1
16/10-1;710.00;485108.40;6445212.60;-695.80;NORTH_SEA_GP;Hordaland Gp.;8.50;2.15;2.45;65.2;0.22;3.50;88.4;65000;1
16/10-1;720.00;485108.80;6445213.20;-705.60;NORTH_SEA_GP;Hordaland Gp.;8.50;2.15;2.45;65.2;0.22;3.50;88.4;65000;1
16/10-1;730.00;485109.20;6445213.80;-715.40;NORTH_SEA_GP;Hordaland Gp.;8.50;2.15;2.45;65.2;0.22;3.50;88.4;65000;1
16/10-1;740.00;485109.60;6445214.40;-725.20;NORTH_SEA_GP;Hordaland Gp.;8.50;2.15;2.45;65.2;0.22;3.50;88.4;65000;1
16/10-1;750.00;485110.00;6445215.00;-735.00;NORTH_SEA_GP;Hordaland Gp.;8.50;2.15;2.45;65.2;0.22;3.50;88.4;65000;1
16/10-1;760.00;485110.40;6445215.60;-744.80;NORTH_SEA_GP;Hordaland Gp.;8.50;2.15;2.45;65.2;0.22;3.50;88.4;65000;1
16/10-1;770.00;485110.80;6445216.20;-754.60;NORTH_SEA_GP;Hordaland Gp.;8.50;2.15;2.45;65.2;0.22;3.50;88.4;65000;1
16/10-1;780.00;485111.20;6445216.80;-764.40;NORTH_SEA_GP;Hordaland Gp.;8.50;2.15;2.45;65.2;0.22;3.50;88.4;65000;1
16/10-1;790.00;485111.60;6445217.40;-774.20;NORTH_SEA_GP;Hordaland Gp.;8.50;2.15;2.45;65.2;0.22;3.50;88.4;65000;1
16/10-1;800.00;485112.00;6445218.00;-784.00;NORTH_SEA_GP;Hordaland Gp.;8.50;2.15;2.45;65.2;0.22;3.50;88.4;65000;1
16/10-1;810.00;485112.40;6445218.60;-793.80;NORTH_SEA_GP;Hordaland Gp.;8.50;2.15;2.45;65.2;0.22;3.50;88.4;65000;1
16/10-1;820.00;485112.80;6445219.20;-803.60;NORTH_SEA_GP;Hordaland Gp.;8.50;2.15;2.45;65.2;0.22;3.50;88.4;65000;1
16/10-1;830.00;485113.20;6445219.80;-813.40;NORTH_SEA_GP;Hordaland Gp.;8.50;2.15;2.45;65.2;0.22;3.50;88.4;65000;1
16/10-1;840.00;485113.60;6445220.40;-823.20;NORTH_SEA_GP;Hordaland Gp.;8.50;2.15;2.45;65.2;0.22;3.50;88.4;65000;1
16/10-1;850.00;485114.00;6445221.00;-833.00;NORTH_SEA_GP;Hordaland Gp.;8.50;2.15;2.45;65.2;0.22;3.50;88.4;65000;1
16/10-1;860.00;485114.40;6445221.60;-842.80;NORTH_SEA_GP;Hordaland Gp.;8.50;2.15;2.45;65.2;0.22;3.50;88.4;65000;1
16/10-1;870.00;485114.80;6445222.20;-852.60;NORTH_SEA_GP;Hordaland Gp.;8.50;2.15;2.45;65.2;0.22;3.50;88.4;65000;1
16/10-1;880.00;485115.20;6445222.80;-862.40;NORTH_SEA_GP;Hordaland Gp.;8.50;2.15;2.45;65.2;0.22;3.50;88.4;65000;1
16/10-1;890.00;485115.60;6445223.40;-872.20;NORTH_SEA_GP;Hordaland Gp.;8.50;2.15;2.45;65.2;0.22;3.50;88.4;65000;1
16/10-1;900.00;485116.00;6445224.00;-882.00;NORTH_SEA_GP;Hordaland Gp.;8.50;2.15;2.45;65.2;0.22;3.50;88.4;65000;1
16/10-1;910.00;485116.40;6445224.60;-891.80;NORTH_SEA_GP;Hordaland Gp.;8.50;2.15;2.45;65.2;0.22;3.50;88.4;65000;1
16/10-1;920.00;485116.80;6445225.20;-901.60;NORTH_SEA_GP;Hordaland Gp.;8.50;2.15;2.45;65.2;0.22;3.50;88.4;65000;1
16/10-1;930.00;485117.20;6445225.80;-911.40;NORTH_SEA_GP;Hordaland Gp.;8.50;2.15;2.45;65.2;0.22;3.50;88.4;65000;1
16/10-1;940.00;485117.60;6445226.40;-921.20;NORTH_SEA_GP;Hordaland Gp.;8.50;2.15;2.45;65.2;0.22;3.50;88.4;65000;1
16/10-1;950.00;485118.00;6445227.00;-931.00;NORTH_SEA_GP;Hordaland Gp.;8.50;2.15;2.45;65.2;0.22;3.50;88.4;65000;1
16/10-1;960.00;485118.40;6445227.60;-940.80;NORTH_SEA_GP;Hordaland Gp.;8.50;2.15;2.45;65.2;0.22;3.50;88.4;65000;1
16/10-1;970.00;485118.80;6445228.20;-950.60;NORTH_SEA_GP;Hordaland Gp.;8.50;2.15;2.45;65.2;0.22;3.50;88.4;65000;1
16/10-1;980.00;485119.20;6445228.80;-960.40;NORTH_SEA_GP;Hordaland Gp.;8.50;2.15;2.45;65.2;0.22;3.50;88.4;65000;1
16/10-1;990.00;485119.60;6445229.40;-970.20;NORTH_SEA_GP;Hordaland Gp.;8.50;2.15;2.45;65.2;0.22;3.50;88.4;65000;1
16/10-1;1000.00;485120.00;6445230.00;-980.00;NORTH_SEA_GP;Hordaland Gp.;8.50;2.15;2.45;65.2;0.22;3.50;88.4;65000;1
16/10-1;1010.00;485120.40;6445230.60;-989.80;NORTH_SEA_GP;Hordaland Gp.;8.50;2.15;2.45;65.2;0.22;3.50;88.4;65000;1
16/10-1;1020.00;485120.80;6445231.20;-999.60;NORTH_SEA_GP;Hordaland Gp.;8.50;2.15;2.45;65.2;0.22;3.50;88.4;65000;1
16/10-1;1030.00;485121.20;6445231.80;-1009.40;NORTH_SEA_GP;Hordaland Gp.;8.50;2.15;2.45;65.2;0.22;3.50;88.4;65000;1
16/10-1;1040.00;485121.60;6445232.40;-1019.20;NORTH_SEA_GP;Hordaland Gp.;8.50;2.15;2.45;65.2;0.22;3.50;88.4;65000;1
16/10-1;1050.00;485122.00;6445233.00;-1029.00;NORTH_SEA_GP;Hordaland Gp.;8.50;2.15;2.45;65.2;0.22;3.50;88.4;65000;1
16/10-1;1060.00;485122.40;6445233.60;-1038.80;NORTH_SEA_GP;Hordaland Gp.;8.50;2.15;2.45;65.2;0.22;3.50;88.4;65000;1
16/10-1;1070.00;485122.80;6445234.20;-1048.60;NORTH_SEA_GP;Hordaland Gp.;8.50;2.15;2.45;65.2;0.22;3.50;88.4;65000;1
16/10-1;1080.00;485123.20;6445234.80;-1058.40;NORTH_SEA_GP;Hordaland Gp.;8.50;2.15;2.45;65.2;0.22;3.50;88.4;65000;1
16/10-1;1090.00;485123.60;6445235.40;-1068.20;NORTH_SEA_GP;Sele Fm.;8.50;2.15;2.45;65.2;0.22;3.50;88.4;65000;1
16/10-1;1100.00;485124.00;6445236.00;-1078.00;NORTH_SEA_GP;Sele Fm.;8.50;2.15;2.45;65.2;0.22;3.50;88.4;65000;1
16/10-1;1110.00;485124.40;6445236.60;-1087.80;NORTH_SEA_GP;Sele Fm.;8.50;2.15;2.45;65.2;0.22;3.50;88.4;65000;1
16/10-1;1120.00;485124.80;6445237.20;-1097.60;NORTH_SEA_GP;Sele Fm.;8.50;2.15;2.45;65.2;0.22;3.50;88.4;65000;1
16/10-1;1130.00;485125.20;6445237.80;-1107.40;NORTH_SEA_GP;Sele Fm.;8.50;2.15;2.45;65.2;0.22;3.50;88.4;65000;1
16/10-1;1140.00;485125.60;6445238.40;-1117.20;NORTH_SEA_GP;Sele Fm.;8.50;2.15;2.45;65.2;0.22;3.50;88.4;65000;1
16/10-1;1150.00;485126.00;6445239.00;-1127.00;NORTH_SEA_GP;Sele Fm.;8.50;2.15;2.45;65.2;0.22;3.50;88.4;65000;1
16/10-1;1160.00;485126.40;6445239.60;-1136.80;NORTH_SEA_GP;Sele Fm.;8.50;2.15;2.45;65.2;0.22;3.50;88.4;65000;1
16/10-1;1170.00;485126.80;6445240.20;-1146.60;NORTH_SEA_GP;Sele Fm.;8.50;2.15;2.45;65.2;0.22;3.50;88.4;65000;1
16/10-1;1180.00;485127.20;6445240.80;-1156.40;NORTH_SEA_GP;Sele Fm.;8.50;2.15;2.45;65.2;0.22;3.50;88.4;65000;1
16/10-1;1190.00;485127.60;6445241.40;-1166.20;NORTH_SEA_GP;Sele Fm.;8.50;2.15;2.45;65.2;0.22;3.50;88.4;65000;1
16/10-1;1200.00;485128.00;6445242.00;-1176.00;NORTH_SEA_GP;Sele Fm.;8.50;2.15;2.45;65.2;0.22;3.50;88.4;65000;1
16/10-1;1210.00;485128.40;6445242.60;-1185.80;NORTH_SEA_GP;Sele Fm.;8.50;2.15;2.45;65.2;0.22;3.50;88.4;65000;1
16/10-1;1220.00;485128.80;6445243.20;-1195.60;NORTH_SEA_GP;Sele Fm.;8.50;2.15;2.45;65.2;0.22;3.50;88.4;65000;1
16/10-1;1230.00;485129.20;6445243.80;-1205.40;NORTH_SEA_GP;Sele Fm.;8.50;2.15;2.45;65.2;0.22;3.50;88.4;65000;1
16/10-1;1240.00;485129.60;6445244.40;-1215.20;NORTH_SEA_GP;Sele Fm.;8.50;2.15;2.45;65.2;0.22;3.50;88.4;65000;1
16/10-1;1250.00;485130.00;6445245.00;-1225.00;NORTH_SEA_GP;Sele Fm.;8.50;2.15;2.45;65.2;0.22;3.50;88.4;65000;1
16/10-1;1260.00;485130.40;6445245.60;-1234.80;NORTH_SEA_GP;Sele Fm.;8.50;2.15;2.45;65.2;0.22;3.50;88.4;65000;1
16/10-1;1270.00;485130.80;6445246.20;-1244.60;NORTH_SEA_GP;Sele Fm.;8.50;2.15;2.45;65.2;0.22;3.50;88.4;65000;1
16/10-1;1280.00;485131.20;6445246.80;-1254.40;NORTH_SEA_GP;Sele Fm.;8.50;2.15;2.45;65.2;0.22;3.50;88.4;65000;1
16/10-1;1290.00;485131.60;6445247.40;-1264.20;NORTH_SEA_GP;Sele Fm.;8.50;2.15;2.45;65.2;0.22;3.50;88.4;65000;1
16/10-1;1300.00;485132.00;6445248.00;-1274.00;NORTH_SEA_GP;Sele Fm.;8.50;2.15;2.45;65.2;0.22;3.50;88.4;65000;1
16/10-1;1310.00;485132.40;6445248.60;-1283.80;NORTH_SEA_GP;Sele Fm.;8.50;2.15;2.45;65.2;0.22;3.50;88.4;65000;1
16/10-1;1320.00;485132.80;6445249.20;-1293.60;NORTH_SEA_GP;Sele Fm.;8.50;2.15;2.45;65.2;0.22;3.50;88.4;65000;1
16/10-1;1330.00;485133.20;6445249.80;-1303.40;NORTH_SEA_GP;Sele Fm.;8.50;2.15;2.45;65.2;0.22;3.50;88.4;65000;1
16/10-1;1340.00;485133.60;6445250.40;-1313.20;NORTH_SEA_GP;Sele Fm.;8.50;2.15;2.45;65.2;0.22;3.50;88.4;65000;1
16/10-1;1350.00;485134.00;6445251.00;-1323.00;NORTH_SEA_GP;Sele Fm.;8.50;2.15;2.45;65.2;0.22;3.50;88.4;65000;1
16/10-1;1360.00;485134.40;6445251.60;-1332.80;NORTH_SEA_GP;Sele Fm.;8.50;2.15;2.45;65.2;0.22;3.50;88.4;65000;1
16/10-1;1370.00;485134.80;6445252.20;-1342.60;NORTH_SEA_GP;Sele Fm.;8.50;2.15;2.45;65.2;0.22;3.50;88.4;65000;1
16/10-1;1380.00;485135.20;6445252.80;-1352.40;NORTH_SEA_GP;Sele Fm.;8.50;2.15;2.45;65.2;0.22;3.50;88.4;65000;1
16/10-1;1390.00;485135.60;6445253.40;-1362.20;NORTH_SEA_GP;Sele Fm.;8.50;2.15;2.45;65.2;0.22;3.50;88.4;65000;1
16/10-1;1400.00;485136.00;6445254.00;-1372.00;NORTH_SEA_GP;Sele Fm.;8.50;2.15;2.45;65.2;0.22;3.50;88.4;65000;1
16/10-1;1410.00;485136.40;6445254.60;-1381.80;NORTH_SEA_GP;Sele Fm.;8.50;2.15;2.45;65.2;0.22;3.50;88.4;65000;1
16/10-1;1420.00;485136.80;6445255.20;-1391.60;NORTH_SEA_GP;Sele Fm.;8.50;2.15;2.45;65.2;0.22;3.50;88.4;65000;1
16/10-1;1430.00;485137.20;6445255.80;-1401.40;NORTH_SEA_GP;Sele Fm.;8.50;2.15;2.45;65.2;0.22;3.50;88.4;65000;1
16/10-1;1440.00;485137.60;6445256.40;-1411.20;NORTH_SEA_GP;Sele Fm.;8.50;2.15;2.45;65.2;0.22;3.50;88.4;65000;1
16/10-1;1450.00;485138.00;6445257.00;-1421.00;NORTH_SEA_GP;Sele Fm.;8.50;2.15;2.45;65.2;0.22;3.50;88.4;65000;1
16/10-1;1460.00;485138.40;6445257.60;-1430.80;NORTH_SEA_GP;Sele Fm.;8.50;2.15;2.45;65.2;0.22;3.50;88.4;65000;1
16/10-1;1470.00;485138.80;6445258.20;-1440.60;NORTH_SEA_GP;Sele Fm.;8.50;2.15;2.45;65.2;0.22;3.50;88.4;65000;1
16/10-1;1480.00;485139.20;6445258.80;-1450.40;NORTH_SEA_GP;Sele Fm.;8.50;2.15;2.45;65.2;0.22;3.50;88.4;65000;1
16/10-1;1490.00;485139.60;6445259.40;-1460.20;NORTH_SEA_GP;Sele Fm.;8.50;2.15;2.45;65.2;0.22;3.50;88.4;65000;1
16/10-1;1500.00;485140.00;6445260.00;-1470.00;NORTH_SEA_GP;Sele Fm.;8.50;2.15;2.45;65.2;0.22;3.50;88.4;65000;1
16/10-1;1510.00;485140.40;6445260.60;-1479.80;NORTH_SEA_GP;Sele Fm.;8.50;2.15;2.45;65.2;0.22;3.50;88.4;65000;1
16/10-1;1520.00;485140.80;6445261.20;-1489.60;NORTH_SEA_GP;Sele Fm.;8.50;2.15;2.45;65.2;0.22;3.50;88.4;65000;1
16/10-1;1530.00;485141.20;6445261.80;-1499.40;NORTH_SEA_GP;Sele Fm.;8.50;2.15;2.45;65.2;0.22;3.50;88.4;65000;1
16/10-1;1540.00;485141.60;6445262.40;-1509.20;NORTH_SEA_GP;Sele Fm.;8.50;2.15;2.45;65.2;0.22;3.50;88.4;65000;1
16/10-1;1550.00;485142.00;6445263.00;-1519.00;NORTH_SEA_GP;Sele Fm.;8.50;2.15;2.45;65.2;0.22;3.50;88.4;65000;1
16/10-1;1560.00;485142.40;6445263.60;-1528.80;NORTH_SEA_GP;Sele Fm.;8.50;2.15;2.45;65.2;0.22;3.50;88.4;65000;1
16/10-1;1570.00;485142.80;6445264.20;-1538.60;NORTH_SEA_GP;Sele Fm.;8.50;2.15;2.45;65.2;0.22;3.50;88.4;65000;1
16/10-1;1580.00;485143.20;6445264.80;-1548.40;NORTH_SEA_GP;Sele Fm.;8.50;2.15;2.45;65.2;0.22;3.50;88.4;65000;1
16/10-1;1590.00;485143.60;6445265.40;-1558.20;NORTH_SEA_GP;Sele Fm.;8.50;2.15;2.45;65.2;0.22;3.50;88.4;65000;1
16/10-1;1600.00;485144.00;6445266.00;-1568.00;NORTH_SEA_GP;Sele Fm.;8.50;2.15;2.45;65.2;0.22;3.50;88.4;65000;1
16/10-1;1610.00;485144.40;6445266.60;-1577.80;NORTH_SEA_GP;Sele Fm.;8.50;2.15;2.45;65.2;0.22;3.50;88.4;65000;1
16/10-1;1620.00;485144.80;6445267.20;-1587.60;NORTH_SEA_GP;Sele Fm.;8.50;2.15;2.45;65.2;0.22;3.50;88.4;65000;1
16/10-1;1630.00;485145.20;6445267.80;-1597.40;NORTH_SEA_GP;Sele Fm.;8.50;2.15;2.45;65.2;0.22;3.50;88.4;65000;1
16/10-1;1640.00;485145.60;6445268.40;-1607.20;NORTH_SEA_GP;Sele Fm.;8.50;2.15;2.45;65.2;0.22;3.50;88.4;65000;1
16/10-1;1650.00;485146.00;6445269.00;-1617.00;NORTH_SEA_GP;Sele Fm.;8.50;2.15;2.45;65.2;0.22;3.50;88.4;65000;1
16/10-1;1660.00;485146.40;6445269.60;-1626.80;NORTH_SEA_GP;Sele Fm.;8.50;2.15;2.45;65.2;0.22;3.50;88.4;65000;1
16/10-1;1670.00;485146.80;6445270.20;-1636.60;NORTH_SEA_GP;Shetland Gp.;8.50;2.15;2.45;65.2;0.22;3.50;88.4;65000;1
16/10-1;1680.00;485147.20;6445270.80;-1646.40;NORTH_SEA_GP;Shetland Gp.;8.50;2.15;2.45;65.2;0.22;3.50;88.4;65000;1
16/10-1;1690.00;485147.60;6445271.40;-1656.20;NORTH_SEA_GP;Shetland Gp.;8.50;2.15;2.45;65.2;0.22;3.50;88.4;65000;1
16/10-1;1700.00;485148.00;6445272.00;-1666.00;NORTH_SEA_GP;Shetland Gp.;8.50;2.15;2.45;65.2;0.22;3.50;88.4;65000;1
16/10-1;1710.00;485148.40;6445272.60;-1675.80;NORTH_SEA_GP;Shetland Gp.;8.50;2.15;2.45;65.2;0.22;3.50;88.4;65000;1
16/10-1;1720.00;485148.80;6445273.20;-1685.60;NORTH_SEA_GP;Shetland Gp.;8.50;2.15;2.45;65.2;0.22;3.50;88.4;65000;1
16/10-1;1730.00;485149.20;6445273.80;-1695.40;NORTH_SEA_GP;Shetland Gp.;8.50;2.15;2.45;65.2;0.22;3.50;88.4;65000;1
16/10-1;1740.00;485149.60;6445274.40;-1705.20;NORTH_SEA_GP;Shetland Gp.;8.50;2.15;2.45;65.2;0.22;3.50;88.4;65000;1
16/10-1;1750.00;485150.00;6445275.00;-1715.00;NORTH_SEA_GP;Shetland Gp.;8.50;2.15;2.45;65.2;0.22;3.50;88.4;65000;1
16/10-1;1760.00;485150.40;6445275.60;-1724.80;NORTH_SEA_GP;Shetland Gp.;8.50;2.15;2.45;65.2;0.22;3.50;88.4;65000;1
16/10-1;1770.00;485150.80;6445276.20;-1734.60;NORTH_SEA_GP;Shetland Gp.;8.50;2.15;2.45;65.2;0.22;3.50;88.4;65000;1
16/10-1;1780.00;485151.20;6445276.80;-1744.40;NORTH_SEA_GP;Shetland Gp.;8.50;2.15;2.45;65.2;0.22;3.50;88.4;65000;1
16/10-1;1790.00;485151.60;6445277.40;-1754.20;NORTH_SEA_GP;Shetland Gp.;8.50;2.15;2.45;65.2;0.22;3.50;88.4;65000;1
16/10-1;1800.00;485152.00;6445278.00;-1764.00;NORTH_SEA_GP;Shetland Gp.;8.50;2.15;2.45;65.2;0.22;3.50;88.4;65000;1
16/10-1;1810.00;485152.40;6445278.60;-1773.80;NORTH_SEA_GP;Shetland Gp.;8.50;2.15;2.45;65.2;0.22;3.50;88.4;65000;1
16/10-1;1820.00;485152.80;6445279.20;-1783.60;NORTH_SEA_GP;Shetland Gp.;8.50;2.15;2.45;65.2;0.22;3.50;88.4;65000;1
16/10-1;1830.00;485153.20;6445279.80;-1793.40;NORTH_SEA_GP;Shetland Gp.;8.50;2.15;2.45;65.2;0.22;3.50;88.4;65000;1
16/10-1;1840.00;485153.60;6445280.40;-1803.20;NORTH_SEA_GP;Shetland Gp.;8.50;2.15;2.45;65.2;0.22;3.50;88.4;65000;1
16/10-1;1850.00;485154.00;6445281.00;-1813.00;NORTH_SEA_GP;Shetland Gp.;8.50;2.15;2.45;65.2;0.22;3.50;88.4;65000;1
16/10-1;1860.00;485154.40;6445281.60;-1822.80;NORTH_SEA_GP;Shetland Gp.;8.50;2.15;2.45;65.2;0.22;3.50;88.4;65000;1
16/10-1;1870.00;485154.80;6445282.20;-1832.60;NORTH_SEA_GP;Shetland Gp.;8.50;2.15;2.45;65.2;0.22;3.50;88.4;65000;1
16/10-1;1880.00;485155.20;6445282.80;-1842.40;NORTH_SEA_GP;Shetland Gp.;8.50;2.15;2.45;65.2;0.22;3.50;88.4;65000;1
16/10-1;1890.00;485155.60;6445283.40;-1852.20;NORTH_SEA_GP;Shetland Gp.;8.50;2.15;2.45;65.2;0.22;3.50;88.4;65000;1
16/10-1;1900.00;485156.00;6445284.00;-1862.00;NORTH_SEA_GP;Shetland Gp.;8.50;2.15;2.45;65.2;0.22;3.50;88.4;65000;1
16/10-1;1910.00;485156.40;6445284.60;-1871.80;NORTH_SEA_GP;Shetland Gp.;8.50;2.15;2.45;65.2;0.22;3.50;88.4;65000;1
16/10-1;1920.00;485156.80;6445285.20;-1881.60;NORTH_SEA_GP;Shetland Gp.;8.50;2.15;2.45;65.2;0.22;3.50;88.4;65000;1
16/10-1;1930.00;485157.20;6445285.80;-1891.40;NORTH_SEA_GP;Shetland Gp.;8.50;2.15;2.45;65.2;0.22;3.50;88.4;65000;1
16/10-1;1940.00;485157.60;6445286.40;-1901.20;NORTH_SEA_GP;Shetland Gp.;8.50;2.15;2.45;65.2;0.22;3.50;88.4;65000;1
16/10-1;1950.00;485158.00;6445287.00;-1911.00;NORTH_SEA_GP;Shetland Gp.;8.50;2.15;2.45;65.2;0.22;3.50;88.4;65000;1
16/10-1;1960.00;485158.40;6445287.60;-1920.80;NORTH_SEA_GP;Shetland Gp.;8.50;2.15;2.45;65.2;0.22;3.50;88.4;65000;1
16/10-1;1970.00;485158.80;6445288.20;-1930.60;NORTH_SEA_GP;Shetland Gp.;8.50;2.15;2.45;65.2;0.22;3.50;88.4;65000;1
16/10-1;1980.00;485159.20;6445288.80;-1940.40;NORTH_SEA_GP;Shetland Gp.;8.50;2.15;2.45;65.2;0.22;3.50;88.4;65000;1
16/10-1;1990.00;485159.60;6445289.40;-1950.20;NORTH_SEA_GP;Shetland Gp.;8.50;2.15;2.45;65.2;0.22;3.50;88.4;65000;1
16/10-1;2000.00;485160.00;6445290.00;-1960.00;NORTH_SEA_GP;Shetland Gp.;8.50;2.15;2.45;65.2;0.22;3.50;88.4;65000;1
16/10-1;2010.00;485160.40;6445290.60;-1969.80;NORTH_SEA_GP;Shetland Gp.;8.50;2.15;2.45;65.2;0.22;3.50;88.4;65000;1
16/10-1;2020.00;485160.80;6445291.20;-1979.60;NORTH_SEA_GP;Shetland Gp.;8.50;2.15;2.45;65.2;0.22;3.50;88.4;65000;1
16/10-1;2030.00;485161.20;6445291.80;-1989.40;NORTH_SEA_GP;Shetland Gp.;8.50;2.15;2.45;65.2;0.22;3.50;88.4;65000;1
16/10-1;2040.00;485161.60;6445292.40;-1999.20;NORTH_SEA_GP;Shetland Gp.;8.50;2.15;2.45;65.2;0.22;3.50;88.4;65000;1
16/10-1;2050.00;485162.00;6445293.00;-2009.00;NORTH_SEA_GP;Shetland Gp.;8.50;2.15;2.45;65.2;0.22;3.50;88.4;65000;1
16/10-1;2060.00;485162.40;6445293.60;-2018.80;NORTH_SEA_GP;Shetland Gp.;8.50;2.15;2.45;65.2;0.22;3.50;88.4;65000;1
16/10-1;2070.00;485162.80;6445294.20;-2028.60;NORTH_SEA_GP;Shetland Gp.;8.50;2.15;2.45;65.2;0.22;3.50;88.4;65000;1
16/10-1;2080.00;485163.20;6445294.80;-2038.40;NORTH_SEA_GP;Shetland Gp.;8.50;2.15;2.45;65.2;0.22;3.50;88.4;65000;1
16/10-1;2090.00;485163.60;6445295.40;-2048.20;NORTH_SEA_GP;Shetland Gp.;8.50;2.15;2.45;65.2;0.22;3.50;88.4;65000;1
16/10-1;2100.00;485164.00;6445296.00;-2058.00;NORTH_SEA_GP;Shetland Gp.;8.50;2.15;2.45;65.2;0.22;3.50;88.4;65000;1
16/10-1;2110.00;485164.40;6445296.60;-2067.80;NORTH_SEA_GP;Shetland Gp.;8.50;2.15;2.45;65.2;0.22;3.50;88.4;65000;1
16/10-1;2120.00;485164.80;6445297.20;-2077.60;NORTH_SEA_GP;Shetland Gp.;8.50;2.15;2.45;65.2;0.22;3.50;88.4;65000;1
16/10-1;2130.00;485165.20;6445297.80;-2087.40;NORTH_SEA_GP;Shetland Gp.;8.50;2.15;2.45;65.2;0.22;3.50;88.4;65000;1
16/10-1;2140.00;485165.60;6445298.40;-2097.20;NORTH_SEA_GP;Shetland Gp.;8.50;2.15;2.45;65.2;0.22;3.50;88.4;65000;1
16/10-1;2150.00;485166.00;6445299.00;-2107.00;NORTH_SEA_GP;Shetland Gp.;8.50;2.15;2.45;65.2;0.22;3.50;88.4;65000;1
16/10-1;2160.00;485166.40;6445299.60;-2116.80;NORTH_SEA_GP;Shetland Gp.;8.50;2.15;2.45;65.2;0.22;3.50;88.4;65000;1
16/10-1;2170.00;485166.80;6445300.20;-2126.60;NORTH_SEA_GP;Shetland Gp.;8.50;2.15;2.45;65.2;0.22;3.50;88.4;65000;1
16/10-1;2180.00;485167.20;6445300.80;-2136.40;NORTH_SEA_GP;Shetland Gp.;8.50;2.15;2.45;65.2;0.22;3.50;88.4;65000;1
16/10-1;2190.00;485167.60;6445301.40;-2146.20;NORTH_SEA_GP;Shetland Gp.;8.50;2.15;2.45;65.2;0.22;3.50;88.4;65000;1
16/10-1;2200.00;485168.00;6445302.00;-2156.00;NORTH_SEA_GP;Shetland Gp.;8.50;2.15;2.45;65.2;0.22;3.50;88.4;65000;1
16/10-1;2210.00;485168.40;6445302.60;-2165.80;NORTH_SEA_GP;Shetland Gp.;8.50;2.15;2.45;65.2;0.22;3.50;88.4;65000;1
16/10-1;2220.00;485168.80;6445303.20;-2175.60;NORTH_SEA_GP;Shetland Gp.;8.50;2.15;2.45;65.2;0.22;3.50;88.4;65000;1
16/10-1;2230.00;485169.20;6445303.80;-2185.40;NORTH_SEA_GP;Shetland Gp.;8.50;2.15;2.45;65.2;0.22;3.50;88.4;65000;1
16/10-1;2240.00;485169.60;6445304.40;-2195.20;NORTH_SEA_GP;Shetland Gp.;8.50;2.15;2.45;65.2;0.22;3.50;88.4;65000;1
16/10-1;2250.00;485170.00;6445305.00;-2205.00;NORTH_SEA_GP;Shetland Gp.;8.50;2.15;2.45;65.2;0.22;3.50;88.4;65000;1
16/10-1;2260.00;485170.40;6445305.60;-2214.80;NORTH_SEA_GP;Cromer Knoll Gp.;8.50;2.15;2.45;65.2;0.22;3.50;88.4;65000;1
16/10-1;2270.00;485170.80;6445306.20;-2224.60;NORTH_SEA_GP;Cromer Knoll Gp.;8.50;2.15;2.45;65.2;0.22;3.50;88.4;65000;1
16/10-1;2280.00;485171.20;6445306.80;-2234.40;NORTH_SEA_GP;Cromer Knoll Gp.;8.50;2.15;2.45;65.2;0.22;3.50;88.4;65000;1
16/10-1;2290.00;485171.60;6445307.40;-2244.20;NORTH_SEA_GP;Cromer Knoll Gp.;8.50;2.15;2.45;65.2;0.22;3.50;88.4;65000;1
16/10-1;2300.00;485172.00;6445308.00;-2254.00;NORTH_SEA_GP;Cromer Knoll Gp.;8.50;2.15;2.45;65.2;0.22;3.50;88.4;65000;1
16/10-1;2310.00;485172.40;6445308.60;-2263.80;NORTH_SEA_GP;Cromer Knoll Gp.;8.50;2.15;2.45;65.2;0.22;3.50;88.4;65000;1
16/10-1;2320.00;485172.80;6445309.20;-2273.60;NORTH_SEA_GP;Cromer Knoll Gp.;8.50;2.15;2.45;65.2;0.22;3.50;88.4;65000;1
16/10-1;2330.00;485173.20;6445309.80;-2283.40;NORTH_SEA_GP;Cromer Knoll Gp.;8.50;2.15;2.45;65.2;0.22;3.50;88.4;65000;1
16/10-1;2340.00;485173.60;6445310.40;-2293.20;NORTH_SEA_GP;Cromer Knoll Gp.;8.50;2.15;2.45;65.2;0.22;3.50;88.4;65000;1
16/10-1;2350.00;485174.00;6445311.00;-2303.00;NORTH_SEA_GP;Cromer Knoll Gp.;8.50;2.15;2.45;65.2;0.22;3.50;88.4;65000;1
16/10-1;2360.00;485174.40;6445311.60;-2312.80;NORTH_SEA_GP;Cromer Knoll Gp.;8.50;2.15;2.45;65.2;0.22;3.50;88.4;65000;1
16/10-1;2370.00;485174.80;6445312.20;-2322.60;NORTH_SEA_GP;Cromer Knoll Gp.;8.50;2.15;2.45;65.2;0.22;3.50;88.4;65000;1
16/10-1;2380.00;485175.20;6445312.80;-2332.40;NORTH_SEA_GP;Cromer Knoll Gp.;8.50;2.15;2.45;65.2;0.22;3.50;88.4;65000;1
16/10-1;2390.00;485175.60;6445313.40;-2342.20;NORTH_SEA_GP;Cromer Knoll Gp.;8.50;2.15;2.45;65.2;0.22;3.50;88.4;65000;1
16/10-1;2400.00;485176.00;6445314.00;-2352.00;NORTH_SEA_GP;Cromer Knoll Gp.;8.50;2.15;2.45;65.2;0.22;3.50;88.4;65000;1
16/10-1;2410.00;485176.40;6445314.60;-2361.80;NORTH_SEA_GP;Cromer Knoll Gp.;8.50;2.15;2.45;65.2;0.22;3.50;88.4;65000;1
16/10-1;2420.00;485176.80;6445315.20;-2371.60;NORTH_SEA_GP;Cromer Knoll Gp.;8.50;2.15;2.45;65.2;0.22;3.50;88.4;65000;1
16/10-1;2430.00;485177.20;6445315.80;-2381.40;NORTH_SEA_GP;Cromer Knoll Gp.;8.50;2.15;2.45;65.2;0.22;3.50;88.4;65000;1
16/10-1;2440.00;485177.60;6445316.40;-2391.20;NORTH_SEA_GP;Cromer Knoll Gp.;8.50;2.15;2.45;65.2;0.22;3.50;88.4;65000;1
16/10-1;2450.00;485178.00;6445317.00;-2401.00;NORTH_SEA_GP;Cromer Knoll Gp.;8.50;2.15;2.45;65.2;0.22;3.50;88.4;65000;1
16/10-1;2460.00;485178.40;6445317.60;-2410.80;NORTH_SEA_GP;Cromer Knoll Gp.;8.50;2.15;2.45;65.2;0.22;3.50;88.4;65000;1
16/10-1;2470.00;485178.80;6445318.20;-2420.60;NORTH_SEA_GP;Cromer Knoll Gp.;8.50;2.15;2.45;65.2;0.22;3.50;88.4;65000;1
16/10-1;2480.00;485179.20;6445318.80;-2430.40;NORTH_SEA_GP;Cromer Knoll Gp.;8.50;2.15;2.45;65.2;0.22;3.50;88.4;65000;1
16/10-1;2490.00;485179.60;6445319.40;-2440.20;NORTH_SEA_GP;Cromer Knoll Gp.;8.50;2.15;2.45;65.2;0.22;3.50;88.4;65000;1
16/10-1;2500.00;485180.00;6445320.00;-2450.00;NORTH_SEA_GP;Cromer Knoll Gp.;8.50;2.15;2.45;65.2;0.22;3.50;88.4;65000;1
16/10-1;2510.00;485180.40;6445320.60;-2459.80;NORTH_SEA_GP;Cromer Knoll Gp.;8.50;2.15;2.45;65.2;0.22;3.50;88.4;65000;1
16/10-1;2520.00;485180.80;6445321.20;-2469.60;NORTH_SEA_GP;Cromer Knoll Gp.;8.50;2.15;2.45;65.2;0.22;3.50;88.4;65000;1
16/10-1;2530.00;485181.20;6445321.80;-2479.40;NORTH_SEA_GP;Cromer Knoll Gp.;8.50;2.15;2.45;65.2;0.22;3.50;88.4;65000;1
16/10-1;2540.00;485181.60;6445322.40;-2489.20;NORTH_SEA_GP;Cromer Knoll Gp.;8.50;2.15;2.45;65.2;0.22;3.50;88.4;65000;1
16/10-1;2550.00;485182.00;6445323.00;-2499.00;NORTH_SEA_GP;Cromer Knoll Gp.;8.50;2.15;2.45;65.2;0.22;3.50;88.4;65000;1
16/10-1;2560.00;485182.40;6445323.60;-2508.80;NORTH_SEA_GP;Cromer Knoll Gp.;8.50;2.15;2.45;65.2;0.22;3.50;88.4;65000;1
16/10-1;2570.00;485182.80;6445324.20;-2518.60;NORTH_SEA_GP;Cromer Knoll Gp.;8.50;2.15;2.45;65.2;0.22;3.50;88.4;65000;1
16/10-1;2580.00;485183.20;6445324.80;-2528.40;NORTH_SEA_GP;Cromer Knoll Gp.;8.50;2.15;2.45;65.2;0.22;3.50;88.4;65000;1
16/10-1;2590.00;485183.60;6445325.40;-2538.20;NORTH_SEA_GP;Cromer Knoll Gp.;8.50;2.15;2.45;65.2;0.22;3.50;88.4;65000;1
16/10-1;2600.00;485184.00;6445326.00;-2548.00;NORTH_SEA_GP;Cromer Knoll Gp.;8.50;2.15;2.45;65.2;0.22;3.50;88.4;65000;1
16/10-1;2610.00;485184.40;6445326.60;-2557.80;NORTH_SEA_GP;Cromer Knoll Gp.;8.50;2.15;2.45;65.2;0.22;3.50;88.4;65000;1
16/10-1;2620.00;485184.80;6445327.20;-2567.60;NORTH_SEA_GP;Cromer Knoll Gp.;8.50;2.15;2.45;65.2;0.22;3.50;88.4;65000;1
16/10-1;2630.00;485185.20;6445327.80;-2577.40;NORTH_SEA_GP;Cromer Knoll Gp.;8.50;2.15;2.45;65.2;0.22;3.50;88.4;65000;1
16/10-1;2640.00;485185.60;6445328.40;-2587.20;NORTH_SEA_GP;Cromer Knoll Gp.;8.50;2.15;2.45;65.2;0.22;3.50;88.4;65000;1
16/10-1;2650.00;485186.00;6445329.00;-2597.00;NORTH_SEA_GP;Cromer Knoll Gp.;8.50;2.15;2.45;65.2;0.22;3.50;88.4;65000;1
16/10-1;2660.00;485186.40;6445329.60;-2606.80;NORTH_SEA_GP;Cromer Knoll Gp.;8.50;2.15;2.45;65.2;0.22;3.50;88.4;65000;1
16/10-1;2670.00;485186.80;6445330.20;-2616.60;NORTH_SEA_GP;Cromer Knoll Gp.;8.50;2.15;2.45;65.2;0.22;3.50;88.4;65000;1
16/10-1;2680.00;485187.20;6445330.80;-2626.40;NORTH_SEA_GP;Cromer Knoll Gp.;8.50;2.15;2.45;65.2;0.22;3.50;88.4;65000;1
16/10-1;2690.00;485187.60;6445331.40;-2636.20;NORTH_SEA_GP;Cromer Knoll Gp.;8.50;2.15;2.45;65.2;0.22;3.50;88.4;65000;1
16/10-1;2700.00;485188.00;6445332.00;-2646.00;NORTH_SEA_GP;Cromer Knoll Gp.;8.50;2.15;2.45;65.2;0.22;3.50;88.4;65000;1
16/10-1;2710.00;485188.40;6445332.60;-2655.80;NORTH_SEA_GP;Cromer Knoll Gp.;8.50;2.15;2.45;65.2;0.22;3.50;88.4;65000;1
16/10-1;2720.00;485188.80;6445333.20;-2665.60;NORTH_SEA_GP;Cromer Knoll Gp.;8.50;2.15;2.45;65.2;0.22;3.50;88.4;65000;1
16/10-1;2730.00;485189.20;6445333.80;-2675.40;NORTH_SEA_GP;Cromer Knoll Gp.;8.50;2.15;2.45;65.2;0.22;3.50;88.4;65000;1
16/10-1;2740.00;485189.60;6445334.40;-2685.20;NORTH_SEA_GP;Cromer Knoll Gp.;8.50;2.15;2.45;65.2;0.22;3.50;88.4;65000;1
16/10-1;2750.00;485190.00;6445335.00;-2695.00;NORTH_SEA_GP;Cromer Knoll Gp.;8.50;2.15;2.45;65.2;0.22;3.50;88.4;65000;1
16/10-1;2760.00;485190.40;6445335.60;-2704.80;NORTH_SEA_GP;Cromer Knoll Gp.;8.50;2.15;2.45;65.2;0.22;3.50;88.4;65000;1
16/10-1;2770.00;485190.80;6445336.20;-2714.60;NORTH_SEA_GP;Cromer Knoll Gp.;8.50;2.15;2.45;65.2;0.22;3.50;88.4;65000;1
16/10-1;2780.00;485191.20;6445336.80;-2724.40;NORTH_SEA_GP;Cromer Knoll Gp.;8.50;2.15;2.45;65.2;0.22;3.50;88.4;65000;1
16/10-1;2790.00;485191.60;6445337.40;-2734.20;NORTH_SEA_GP;Cromer Knoll Gp.;8.50;2.15;2.45;65.2;0.22;3.50;88.4;65000;1
16/10-1;2800.00;485192.00;6445338.00;-2744.00;NORTH_SEA_GP;Cromer Knoll Gp.;8.50;2.15;2.45;65.2;0.22;3.50;88.4;65000;1
16/10-1;2810.00;485192.40;6445338.60;-2753.80;NORTH_SEA_GP;Cromer Knoll Gp.;8.50;2.15;2.45;65.2;0.22;3.50;88.4;65000;1
16/10-1;2820.00;485192.80;6445339.20;-2763.60;NORTH_SEA_GP;Cromer Knoll Gp.;8.50;2.15;2.45;65.2;0.22;3.50;88.4;65000;1
16/10-1;2830.00;485193.20;6445339.80;-2773.40;NORTH_SEA_GP;Cromer Knoll Gp.;8.50;2.15;2.45;65.2;0.22;3.50;88.4;65000;1
16/10-1;2840.00;485193.60;6445340.40;-2783.20;NORTH_SEA_GP;Skagerrak Fm.;8.50;2.15;2.45;65.2;0.22;3.50;88.4;65000;1
16/10-1;2850.00;485194.00;6445341.00;-2793.00;NORTH_SEA_GP;Skagerrak Fm.;8.50;2.15;2.45;65.2;0.22;3.50;88.4;65000;1
16/10-1;2860.00;485194.40;6445341.60;-2802.80;NORTH_SEA_GP;Skagerrak Fm.;8.50;2.15;2.45;65.2;0.22;3.50;88.4;65000;1
16/10-1;2870.00;485194.80;6445342.20;-2812.60;NORTH_SEA_GP;Skagerrak Fm.;8.50;2.15;2.45;65.2;0.22;3.50;88.4;65000;1
16/10-1;2880.00;485195.20;6445342.80;-2822.40;NORTH_SEA_GP;Skagerrak Fm.;8.50;2.15;2.45;65.2;0.22;3.50;88.4;65000;1
16/10-1;2890.00;485195.60;6445343.40;-2832.20;NORTH_SEA_GP;Skagerrak Fm.;8.50;2.15;2.45;65.2;0.22;3.50;88.4;65000;1
16/10-1;2900.00;485196.00;6445344.00;-2842.00;NORTH_SEA_GP;Skagerrak Fm.;8.50;2.15;2.45;65.2;0.22;3.50;88.4;65000;1
16/10-1;2910.00;485196.40;6445344.60;-2851.80;NORTH_SEA_GP;Skagerrak Fm.;8.50;2.15;2.45;65.2;0.22;3.50;88.4;65000;1
16/10-1;2920.00;485196.80;6445345.20;-2861.60;NORTH_SEA_GP;Skagerrak Fm.;8.50;2.15;2.45;65.2;0.22;3.50;88.4;65000;1
16/10-1;2930.00;485197.20;6445345.80;-2871.40;NORTH_SEA_GP;Skagerrak Fm.;8.50;2.15;2.45;65.2;0.22;3.50;88.4;65000;1
16/10-1;2940.00;485197.60;6445346.40;-2881.20;NORTH_SEA_GP;Skagerrak Fm.;8.50;2.15;2.45;65.2;0.22;3.50;88.4;65000;1
16/10-1;2950.00;485198.00;6445347.00;-2891.00;NORTH_SEA_GP;Skagerrak Fm.;8.50;2.15;2.45;65.2;0.22;3.50;88.4;65000;1
16/10-1;2960.00;485198.40;6445347.60;-2900.80;NORTH_SEA_GP;Skagerrak Fm.;8.50;2.15;2.45;65.2;0.22;3.50;88.4;65000;1
16/10-1;2970.00;485198.80;6445348.20;-2910.60;NORTH_SEA_GP;Skagerrak Fm.;8.50;2.15;2.45;65.2;0.22;3.50;88.4;65000;1
16/10-1;2980.00;485199.20;6445348.80;-2920.40;NORTH_SEA_GP;Skagerrak Fm.;8.50;2.15;2.45;65.2;0.22;3.50;88.4;65000;1
16/10-1;2990.00;485199.60;6445349.40;-2930.20;NORTH_SEA_GP;Skagerrak Fm.;8.50;2.15;2.45;65.2;0.22;3.50;88.4;65000;1
16/10-1;3000.00;485200.00;6445350.00;-2940.00;NORTH_SEA_GP;Skagerrak Fm.;8.50;2.15;2.45;65.2;0.22;3.50;88.4;65000;1
16/10-1;3010.00;485200.40;6445350.60;-2949.80;NORTH_SEA_GP;Skagerrak Fm.;8.50;2.15;2.45;65.2;0.22;3.50;88.4;65000;1
16/10-1;3020.00;485200.80;6445351.20;-2959.60;NORTH_SEA_GP;Skagerrak Fm.;8.50;2.15;2.45;65.2;0.22;3.50;88.4;65000;1
16/10-1;3030.00;485201.20;6445351.80;-2969.40;NORTH_SEA_GP;Skagerrak Fm.;8.50;2.15;2.45;65.2;0.22;3.50;88.4;65000;1
16/10-1;3040.00;485201.60;6445352.40;-2979.20;NORTH_SEA_GP;Skagerrak Fm.;8.50;2.15;2.45;65.2;0.22;3.50;88.4;65000;1
16/10-1;3050.00;485202.00;6445353.00;-2989.00;NORTH_SEA_GP;Skagerrak Fm.;8.50;2.15;2.45;65.2;0.22;3.50;88.4;65000;1
16/10-1;3060.00;485202.40;6445353.60;-2998.80;NORTH_SEA_GP;Skagerrak Fm.;8.50;2.15;2.45;65.2;0.22;3.50;88.4;65000;1
16/10-1;3070.00;485202.80;6445354.20;-3008.60;NORTH_SEA_GP;Skagerrak Fm.;8.50;2.15;2.45;65.2;0.22;3.50;88.4;65000;1
16/10-1;3080.00;485203.20;6445354.80;-3018.40;NORTH_SEA_GP;Skagerrak Fm.;8.50;2.15;2.45;65.2;0.22;3.50;88.4;65000;1
16/10-1;3090.00;485203.60;6445355.40;-3028.20;NORTH_SEA_GP;Skagerrak Fm.;8.50;2.15;2.45;65.2;0.22;3.50;88.4;65000;1
16/10-1;3100.00;485204.00;6445356.00;-3038.00;NORTH_SEA_GP;Skagerrak Fm.;8.50;2.15;2.45;65.2;0.22;3.50;88.4;65000;1
16/10-1;3110.00;485204.40;6445356.60;-3047.80;NORTH_SEA_GP;Skagerrak Fm.;8.50;2.15;2.45;65.2;0.22;3.50;88.4;65000;1
16/10-1;3120.00;485204.80;6445357.20;-3057.60;NORTH_SEA_GP;Skagerrak Fm.;8.50;2.15;2.45;65.2;0.22;3.50;88.4;65000;1
16/10-1;3130.00;485205.20;6445357.80;-3067.40;NORTH_SEA_GP;Skagerrak Fm.;8.50;2.15;2.45;65.2;0.22;3.50;88.4;65000;1
16/10-1;3140.00;485205.60;6445358.40;-3077.20;NORTH_SEA_GP;Skagerrak Fm.;8.50;2.15;2.45;65.2;0.22;3.50;88.4;65000;1
16/10-1;3150.00;485206.00;6445359.00;-3087.00;NORTH_SEA_GP;Skagerrak Fm.;8.50;2.15;2.45;65.2;0.22;3.50;88.4;65000;1
16/10-1;3160.00;485206.40;6445359.60;-3096.80;NORTH_SEA_GP;Skagerrak Fm.;8.50;2.15;2.45;65.2;0.22;3.50;88.4;65000;1
16/10-1;3170.00;485206.80;6445360.20;-3106.60;NORTH_SEA_GP;Skagerrak Fm.;8.50;2.15;2.45;65.2;0.22;3.50;88.4;65000;1
16/10-1;3180.00;485207.20;6445360.80;-3116.40;NORTH_SEA_GP;Skagerrak Fm.;8.50;2.15;2.45;65.2;0.22;3.50;88.4;65000;1
16/10-1;3190.00;485207.60;6445361.40;-3126.20;NORTH_SEA_GP;Skagerrak Fm.;8.50;2.15;2.45;65.2;0.22;3.50;88.4;65000;1
16/10-1;3200.00;485208.00;6445362.00;-3136.00;NORTH_SEA_GP;Skagerrak Fm.;8.50;2.15;2.45;65.2;0.22;3.50;88.4;65000;1
16/10-1;3210.00;485208.40;6445362.60;-3145.80;NORTH_SEA_GP;Skagerrak Fm.;8.50;2.15;2.45;65.2;0.22;3.50;88.4;65000;1
16/10-1;3220.00;485208.80;6445363.20;-3155.60;NORTH_SEA_GP;Skagerrak Fm.;8.50;2.15;2.45;65.2;0.22;3.50;88.4;65000;1
16/10-1;3230.00;485209.20;6445363.80;-3165.40;NORTH_SEA_GP;Skagerrak Fm.;8.50;2.15;2.45;65.2;0.22;3.50;88.4;65000;1
16/10-1;3240.00;485209.60;6445364.40;-3175.20;NORTH_SEA_GP;Skagerrak Fm.;8.50;2.15;2.45;65.2;0.22;3.50;88.4;65000;1
16/10-1;3250.00;485210.00;6445365.00;-3185.00;NORTH_SEA_GP;Skagerrak Fm.;8.50;2.15;2.45;65.2;0.22;3.50;88.4;65000;1
16/10-1;3260.00;485210.40;6445365.60;-3194.80;NORTH_SEA_GP;Skagerrak Fm.;8.50;2.15;2.45;65.2;0.22;3.50;88.4;65000;1
16/10-1;3270.00;485210.80;6445366.20;-3204.60;NORTH_SEA_GP;Skagerrak Fm.;8.50;2.15;2.45;65.2;0.22;3.50;88.4;65000;1
16/10-1;3280.00;485211.20;6445366.80;-3214.40;NORTH_SEA_GP;Skagerrak Fm.;8.50;2.15;2.45;65.2;0.22;3.50;88.4;65000;1
16/10-1;3290.00;485211.60;6445367.40;-3224.20;NORTH_SEA_GP;Skagerrak Fm.;8.50;2.15;2.45;65.2;0.22;3.50;88.4;65000;1
16/10-1;3300.00;485212.00;6445368.00;-3234.00;NORTH_SEA_GP;Skagerrak Fm.;8.50;2.15;2.45;65.2;0.22;3.50;88.4;65000;1
16/10-1;3310.00;485212.40;6445368.60;-3243.80;NORTH_SEA_GP;Skagerrak Fm.;8.50;2.15;2.45;65.2;0.22;3.50;88.4;65000;1
16/10-1;3320.00;485212.80;6445369.20;-3253.60;NORTH_SEA_GP;Skagerrak Fm.;8.50;2.15;2.45;65.2;0.22;3.50;88.4;65000;1
16/10-1;3330.00;485213.20;6445369.80;-3263.40;NORTH_SEA_GP;Skagerrak Fm.;8.50;2.15;2.45;65.2;0.22;3.50;88.4;65000;1
16/10-1;3340.00;485213.60;6445370.40;-3273.20;NORTH_SEA_GP;Skagerrak Fm.;8.50;2.15;2.45;65.2;0.22;3.50;88.4;65000;1
16/10-1;3350.00;485214.00;6445371.00;-3283.00;NORTH_SEA_GP;Skagerrak Fm.;8.50;2.15;2.45;65.2;0.22;3.50;88.4;65000;1
16/10-1;3360.00;485214.40;6445371.60;-3292.80;NORTH_SEA_GP;Skagerrak Fm.;8.50;2.15;2.45;65.2;0.22;3.50;88.4;65000;1
16/10-1;3370.00;485214.80;6445372.20;-3302.60;NORTH_SEA_GP;Skagerrak Fm.;8.50;2.15;2.45;65.2;0.22;3.50;88.4;65000;1
16/10-1;3380.00;485215.20;6445372.80;-3312.40;NORTH_SEA_GP;Skagerrak Fm.;8.50;2.15;2.45;65.2;0.22;3.50;88.4;65000;1
16/10-1;3390.00;485215.60;6445373.40;-3322.20;NORTH_SEA_GP;Skagerrak Fm.;8.50;2.15;2.45;65.2;0.22;3.50;88.4;65000;1
16/10-1;3400.00;485216.00;6445374.00;-3332.00;NORTH_SEA_GP;Skagerrak Fm.;8.50;2.15;2.45;65.2;0.22;3.50;88.4;65000;1
16/10-1;3410.00;485216.40;6445374.60;-3341.80;NORTH_SEA_GP;Skagerrak Fm.;8.50;2.15;2.45;65.2;0.22;3.50;88.4;65000;1
16/10-1;3420.00;485216.80;6445375.20;-3351.60;NORTH_SEA_GP;Skagerrak Fm.;8.50;2.15;2.45;65.2;0.22;3.50;88.4;65000;1
16/2-6;500.00;465800.00;6511400.00;-490.00;NORTH_SEA_GP;Nordland Gp.;8.50;2.15;2.45;65.2;0.22;3.50;88.4;65000;1
16/2-6;510.00;465800.40;6511400.60;-499.80;NORTH_SEA_GP;Nordland Gp.;8.50;2.15;2.45;65.2;0.22;3.50;88.4;65000;1
16/2-6;520.00;465800.80;6511401.20;-509.60;NORTH_SEA_GP;Nordland Gp.;8.50;2.15;2.45;65.2;0.22;3.50;88.4;65000;1
16/2-6;530.00;465801.20;6511401.80;-519.40;NORTH_SEA_GP;Nordland Gp.;8.50;2.15;2.45;65.2;0.22;3.50;88.4;65000;1
16/2-6;540.00;465801.60;6511402.40;-529.20;NORTH_SEA_GP;Nordland Gp.;8.50;2.15;2.45;65.2;0.22;3.50;88.4;65000;1
16/2-6;550.00;465802.00;6511403.00;-539.00;NORTH_SEA_GP;Nordland Gp.;8.50;2.15;2.45;65.2;0.22;3.50;88.4;65000;1
16/2-6;560.00;465802.40;6511403.60;-548.80;NORTH_SEA_GP;Nordland Gp.;8.50;2.15;2.45;65.2;0.22;3.50;88.4;65000;1
16/2-6;570.00;465802.80;6511404.20;-558.60;NORTH_SEA_GP;Nordland Gp.;8.50;2.15;2.45;65.2;0.22;3.50;88.4;65000;1
16/2-6;580.00;465803.20;6511404.80;-568.40;NORTH_SEA_GP;Nordland Gp.;8.50;2.15;2.45;65.2;0.22;3.50;88.4;65000;1
16/2-6;590.00;465803.60;6511405.40;-578.20;NORTH_SEA_GP;Nordland Gp.;8.50;2.15;2.45;65.2;0.22;3.50;88.4;65000;1
16/2-6;600.00;465804.00;6511406.00;-588.00;NORTH_SEA_GP;Nordland Gp.;8.50;2.15;2.45;65.2;0.22;3.50;88.4;65000;1
16/2-6;610.00;465804.40;6511406.60;-597.80;NORTH_SEA_GP;Nordland Gp.;8.50;2.15;2.45;65.2;0.22;3.50;88.4;65000;1
16/2-6;620.00;465804.80;6511407.20;-607.60;NORTH_SEA_GP;Nordland Gp.;8.50;2.15;2.45;65.2;0.22;3.50;88.4;65000;1
16/2-6;630.00;465805.20;6511407.80;-617.40;NORTH_SEA_GP;Nordland Gp.;8.50;2.15;2.45;65.2;0.22;3.50;88.4;65000;1
16/2-6;640.00;465805.60;6511408.40;-627.20;NORTH_SEA_GP;Nordland Gp.;8.50;2.15;2.45;65.2;0.22;3.50;88.4;65000;1
16/2-6;650.00;465806.00;6511409.00;-637.00;NORTH_SEA_GP;Nordland Gp.;8.50;2.15;2.45;65.2;0.22;3.50;88.4;65000;1
16/2-6;660.00;465806.40;6511409.60;-646.80;NORTH_SEA_GP;Nordland Gp.;8.50;2.15;2.45;65.2;0.22;3.50;88.4;65000;1
16/2-6;670.00;465806.80;6511410.20;-656.60;NORTH_SEA_GP;Nordland Gp.;8.50;2.15;2.45;65.2;0.22;3.50;88.4;65000;1
16/2-6;680.00;465807.20;6511410.80;-666.40;NORTH_SEA_GP;Nordland Gp.;8.50;2.15;2.45;65.2;0.22;3.50;88.4;65000;1
16/2-6;690.00;465807.60;6511411.40;-676.20;NORTH_SEA_GP;Nordland Gp.;8.50;2.15;2.45;65.2;0.22;3.50;88.4;65000;1
16/2-6;700.00;465808.00;6511412.00;-686.00;NORTH_SEA_GP;Nordland Gp.;8.50;2.15;2.45;65.2;0.22;3.50;88.4;65000;1
16/2-6;710.00;465808.40;6511412.60;-695.80;NORTH_SEA_GP;Nordland Gp.;8.50;2.15;2.45;65.2;0.22;3.50;88.4;65000;1
16/2-6;720.00;465808.80;6511413.20;-705.60;NORTH_SEA_GP;Nordland Gp.;8.50;2.15;2.45;65.2;0.22;3.50;88.4;65000;1
16/2-6;730.00;465809.20;6511413.80;-715.40;NORTH_SEA_GP;Nordland Gp.;8.50;2.15;2.45;65.2;0.22;3.50;88.4;65000;1
16/2-6;740.00;465809.60;6511414.40;-725.20;NORTH_SEA_GP;Nordland Gp.;8.50;2.15;2.45;65.2;0.22;3.50;88.4;65000;1
16/2-6;750.00;465810.00;6511415.00;-735.00;NORTH_SEA_GP;Nordland Gp.;8.50;2.15;2.45;65.2;0.22;3.50;88.4;65000;1
16/2-6;760.00;465810.40;6511415.60;-744.80;NORTH_SEA_GP;Nordland Gp.;8.50;2.15;2.45;65.2;0.22;3.50;88.4;65000;1
16/2-6;770.00;465810.80;6511416.20;-754.60;NORTH_SEA_GP;Nordland Gp.;8.50;2.15;2.45;65.2;0.22;3.50;88.4;65000;1
16/2-6;780.00;465811.20;6511416.80;-764.40;NORTH_SEA_GP;Nordland Gp.;8.50;2.15;2.45;65.2;0.22;3.50;88.4;65000;1
16/2-6;790.00;465811.60;6511417.40;-774.20;NORTH_SEA_GP;Nordland Gp.;8.50;2.15;2.45;65.2;0.22;3.50;88.4;65000;1
16/2-6;800.00;465812.00;6511418.00;-784.00;NORTH_SEA_GP;Nordland Gp.;8.50;2.15;2.45;65.2;0.22;3.50;88.4;65000;1
16/2-6;810.00;465812.40;6511418.60;-793.80;NORTH_SEA_GP;Nordland Gp.;8.50;2.15;2.45;65.2;0.22;3.50;88.4;65000;1
16/2-6;820.00;465812.80;6511419.20;-803.60;NORTH_SEA_GP;Nordland Gp.;8.50;2.15;2.45;65.2;0.22;3.50;88.4;65000;1
16/2-6;830.00;465813.20;6511419.80;-813.40;NORTH_SEA_GP;Nordland Gp.;8.50;2.15;2.45;65.2;0.22;3.50;88.4;65000;1
16/2-6;840.00;465813.60;6511420.40;-823.20;NORTH_SEA_GP;Nordland Gp.;8.50;2.15;2.45;65.2;0.22;3.50;88.4;65000;1
16/2-6;850.00;465814.00;6511421.00;-833.00;NORTH_SEA_GP;Nordland Gp.;8.50;2.15;2.45;65.2;0.22;3.50;88.4;65000;1
16/2-6;860.00;465814.40;6511421.60;-842.80;NORTH_SEA_GP;Nordland Gp.;8.50;2.15;2.45;65.2;0.22;3.50;88.4;65000;1
16/2-6;870.00;465814.80;6511422.20;-852.60;NORTH_SEA_GP;Nordland Gp.;8.50;2.15;2.45;65.2;0.22;3.50;88.4;65000;1
16/2-6;880.00;465815.20;6511422.80;-862.40;NORTH_SEA_GP;Nordland Gp.;8.50;2.15;2.45;65.2;0.22;3.50;88.4;65000;1
16/2-6;890.00;465815.60;6511423.40;-872.20;NORTH_SEA_GP;Nordland Gp.;8.50;2.15;2.45;65.2;0.22;3.50;88.4;65000;1
16/2-6;900.00;465816.00;6511424.00;-882.00;NORTH_SEA_GP;Nordland Gp.;8.50;2.15;2.45;65.2;0.22;3.50;88.4;65000;1
16/2-6;910.00;465816.40;6511424.60;-891.80;NORTH_SEA_GP;Nordland Gp.;8.50;2.15;2.45;65.2;0.22;3.50;88.4;65000;1
16/2-6;920.00;465816.80;6511425.20;-901.60;NORTH_SEA_GP;Nordland Gp.;8.50;2.15;2.45;65.2;0.22;3.50;88.4;65000;1
16/2-6;930.00;465817.20;6511425.80;-911.40;NORTH_SEA_GP;Nordland Gp.;8.50;2.15;2.45;65.2;0.22;3.50;88.4;65000;1
16/2-6;940.00;465817.60;6511426.40;-921.20;NORTH_SEA_GP;Nordland Gp.;8.50;2.15;2.45;65.2;0.22;3.50;88.4;65000;1
16/2-6;950.00;465818.00;6511427.00;-931.00;NORTH_SEA_GP;Nordland Gp.;8.50;2.15;2.45;65.2;0.22;3.50;88.4;65000;1
16/2-6;960.00;465818.40;6511427.60;-940.80;NORTH_SEA_GP;Nordland Gp.;8.50;2.15;2.45;65.2;0.22;3.50;88.4;65000;1
16/2-6;970.00;465818.80;6511428.20;-950.60;NORTH_SEA_GP;Nordland Gp.;8.50;2.15;2.45;65.2;0.22;3.50;88.4;65000;1
16/2-6;980.00;465819.20;6511428.80;-960.40;NORTH_SEA_GP;Nordland Gp.;8.50;2.15;2.45;65.2;0.22;3.50;88.4;65000;1
16/2-6;990.00;465819.60;6511429.40;-970.20;NORTH_SEA_GP;Nordland Gp.;8.50;2.15;2.45;65.2;0.22;3.50;88.4;65000;1
16/2-6;1000.00;465820.00;6511430.00;-980.00;NORTH_SEA_GP;Nordland Gp.;8.50;2.15;2.45;65.2;0.22;3.50;88.4;65000;1
16/2-6;1010.00;465820.40;6511430.60;-989.80;NORTH_SEA_GP;Nordland Gp.;8.50;2.15;2.45;65.2;0.22;3.50;88.4;65000;1
16/2-6;1020.00;465820.80;6511431.20;-999.60;NORTH_SEA_GP;Nordland Gp.;8.50;2.15;2.45;65.2;0.22;3.50;88.4;65000;1
16/2-6;1030.00;465821.20;6511431.80;-1009.40;NORTH_SEA_GP;Nordland Gp.;8.50;2.15;2.45;65.2;0.22;3.50;88.4;65000;1
16/2-6;1040.00;465821.60;6511432.40;-1019.20;NORTH_SEA_GP;Nordland Gp.;8.50;2.15;2.45;65.2;0.22;3.50;88.4;65000;1
16/2-6;1050.00;465822.00;6511433.00;-1029.00;NORTH_SEA_GP;Nordland Gp.;8.50;2.15;2.45;65.2;0.22;3.50;88.4;65000;1
16/2-6;1060.00;465822.40;6511433.60;-1038.80;NORTH_SEA_GP;Nordland Gp.;8.50;2.15;2.45;65.2;0.22;3.50;88.4;65000;1
16/2-6;1070.00;465822.80;6511434.20;-1048.60;NORTH_SEA_GP;Nordland Gp.;8.50;2.15;2.45;65.2;0.22;3.50;88.4;65000;1
16/2-6;1080.00;465823.20;6511434.80;-1058.40;NORTH_SEA_GP;Nordland Gp.;8.50;2.15;2.45;65.2;0.22;3.50;88.4;65000;1
16/2-6;1090.00;465823.60;6511435.40;-1068.20;NORTH_SEA_GP;Utsira Fm.;8.50;2.15;2.45;65.2;0.22;3.50;88.4;65000;1
16/2-6;1100.00;465824.00;6511436.00;-1078.00;NORTH_SEA_GP;Utsira Fm.;8.50;2.15;2.45;65.2;0.22;3.50;88.4;65000;1
16/2-6;1110.00;465824.40;6511436.60;-1087.80;NORTH_SEA_GP;Utsira Fm.;8.50;2.15;2.45;65.2;0.22;3.50;88.4;65000;1
16/2-6;1120.00;465824.80;6511437.20;-1097.60;NORTH_SEA_GP;Utsira Fm.;8.50;2.15;2.45;65.2;0.22;3.50;88.4;65000;1
16/2-6;1130.00;465825.20;6511437.80;-1107.40;NORTH_SEA_GP;Utsira Fm.;8.50;2.15;2.45;65.2;0.22;3.50;88.4;65000;1
16/2-6;1140.00;465825.60;6511438.40;-1117.20;NORTH_SEA_GP;Utsira Fm.;8.50;2.15;2.45;65.2;0.22;3.50;88.4;65000;1
16/2-6;1150.00;465826.00;6511439.00;-1127.00;NORTH_SEA_GP;Utsira Fm.;8.50;2.15;2.45;65.2;0.22;3.50;88.4;65000;1
16/2-6;1160.00;465826.40;6511439.60;-1136.80;NORTH_SEA_GP;Utsira Fm.;8.50;2.15;2.45;65.2;0.22;3.50;88.4;65000;1
16/2-6;1170.00;465826.80;6511440.20;-1146.60;NORTH_SEA_GP;Utsira Fm.;8.50;2.15;2.45;65.2;0.22;3.50;88.4;65000;1
16/2-6;1180.00;465827.20;6511440.80;-1156.40;NORTH_SEA_GP;Utsira Fm.;8.50;2.15;2.45;65.2;0.22;3.50;88.4;65000;1
16/2-6;1190.00;465827.60;6511441.40;-1166.20;NORTH_SEA_GP;Utsira Fm.;8.50;2.15;2.45;65.2;0.22;3.50;88.4;65000;1
16/2-6;1200.00;465828.00;6511442.00;-1176.00;NORTH_SEA_GP;Utsira Fm.;8.50;2.15;2.45;65.2;0.22;3.50;88.4;65000;1
16/2-6;1210.00;465828.40;6511442.60;-1185.80;NORTH_SEA_GP;Utsira Fm.;8.50;2.15;2.45;65.2;0.22;3.50;88.4;65000;1
16/2-6;1220.00;465828.80;6511443.20;-1195.60;NORTH_SEA_GP;Utsira Fm.;8.50;2.15;2.45;65.2;0.22;3.50;88.4;65000;1
16/2-6;1230.00;465829.20;6511443.80;-1205.40;NORTH_SEA_GP;Utsira Fm.;8.50;2.15;2.45;65.2;0.22;3.50;88.4;65000;1
16/2-6;1240.00;465829.60;6511444.40;-1215.20;NORTH_SEA_GP;Utsira Fm.;8.50;2.15;2.45;65.2;0.22;3.50;88.4;65000;1
16/2-6;1250.00;465830.00;6511445.00;-1225.00;NORTH_SEA_GP;Utsira Fm.;8.50;2.15;2.45;65.2;0.22;3.50;88.4;65000;1
16/2-6;1260.00;465830.40;6511445.60;-1234.80;NORTH_SEA_GP;Utsira Fm.;8.50;2.15;2.45;65.2;0.22;3.50;88.4;65000;1
16/2-6;1270.00;465830.80;6511446.20;-1244.60;NORTH_SEA_GP;Utsira Fm.;8.50;2.15;2.45;65.2;0.22;3.50;88.4;65000;1
16/2-6;1280.00;465831.20;6511446.80;-1254.40;NORTH_SEA_GP;Utsira Fm.;8.50;2.15;2.45;65.2;0.22;3.50;88.4;65000;1
16/2-6;1290.00;465831.60;6511447.40;-1264.20;NORTH_SEA_GP;Utsira Fm.;8.50;2.15;2.45;65.2;0.22;3.50;88.4;65000;1
16/2-6;1300.00;465832.00;6511448.00;-1274.00;NORTH_SEA_GP;Utsira Fm.;8.50;2.15;2.45;65.2;0.22;3.50;88.4;65000;1
16/2-6;1310.00;465832.40;6511448.60;-1283.80;NORTH_SEA_GP;Utsira Fm.;8.50;2.15;2.45;65.2;0.22;3.50;88.4;65000;1
16/2-6;1320.00;465832.80;6511449.20;-1293.60;NORTH_SEA_GP;Utsira Fm.;8.50;2.15;2.45;65.2;0.22;3.50;88.4;65000;1
16/2-6;1330.00;465833.20;6511449.80;-1303.40;NORTH_SEA_GP;Utsira Fm.;8.50;2.15;2.45;65.2;0.22;3.50;88.4;65000;1
16/2-6;1340.00;465833.60;6511450.40;-1313.20;NORTH_SEA_GP;Utsira Fm.;8.50;2.15;2.45;65.2;0.22;3.50;88.4;65000;1
16/2-6;1350.00;465834.00;6511451.00;-1323.00;NORTH_SEA_GP;Utsira Fm.;8.50;2.15;2.45;65.2;0.22;3.50;88.4;65000;1
16/2-6;1360.00;465834.40;6511451.60;-1332.80;NORTH_SEA_GP;Utsira Fm.;8.50;2.15;2.45;65.2;0.22;3.50;88.4;65000;1
16/2-6;1370.00;465834.80;6511452.20;-1342.60;NORTH_SEA_GP;Utsira Fm.;8.50;2.15;2.45;65.2;0.22;3.50;88.4;65000;1
16/2-6;1380.00;465835.20;6511452.80;-1352.40;NORTH_SEA_GP;Utsira Fm.;8.50;2.15;2.45;65.2;0.22;3.50;88.4;65000;1
16/2-6;1390.00;465835.60;6511453.40;-1362.20;NORTH_SEA_GP;Utsira Fm.;8.50;2.15;2.45;65.2;0.22;3.50;88.4;65000;1
16/2-6;1400.00;465836.00;6511454.00;-1372.00;NORTH_SEA_GP;Utsira Fm.;8.50;2.15;2.45;65.2;0.22;3.50;88.4;65000;1
16/2-6;1410.00;465836.40;6511454.60;-1381.80;NORTH_SEA_GP;Utsira Fm.;8.50;2.15;2.45;65.2;0.22;3.50;88.4;65000;1
16/2-6;1420.00;465836.80;6511455.20;-1391.60;NORTH_SEA_GP;Utsira Fm.;8.50;2.15;2.45;65.2;0.22;3.50;88.4;65000;1
16/2-6;1430.00;465837.20;6511455.80;-1401.40;NORTH_SEA_GP;Utsira Fm.;8.50;2.15;2.45;65.2;0.22;3.50;88.4;65000;1
16/2-6;1440.00;465837.60;6511456.40;-1411.20;NORTH_SEA_GP;Utsira Fm.;8.50;2.15;2.45;65.2;0.22;3.50;88.4;65000;1
16/2-6;1450.00;465838.00;6511457.00;-1421.00;NORTH_SEA_GP;Utsira Fm.;8.50;2.15;2.45;65.2;0.22;3.50;88.4;65000;1
16/2-6;1460.00;465838.40;6511457.60;-1430.80;NORTH_SEA_GP;Utsira Fm.;8.50;2.15;2.45;65.2;0.22;3.50;88.4;65000;1
16/2-6;1470.00;465838.80;6511458.20;-1440.60;NORTH_SEA_GP;Utsira Fm.;8.50;2.15;2.45;65.2;0.22;3.50;88.4;65000;1
16/2-6;1480.00;465839.20;6511458.80;-1450.40;NORTH_SEA_GP;Utsira Fm.;8.50;2.15;2.45;65.2;0.22;3.50;88.4;65000;1
16/2-6;1490.00;465839.60;6511459.40;-1460.20;NORTH_SEA_GP;Utsira Fm.;8.50;2.15;2.45;65.2;0.22;3.50;88.4;65000;1
16/2-6;1500.00;465840.00;6511460.00;-1470.00;NORTH_SEA_GP;Utsira Fm.;8.50;2.15;2.45;65.2;0.22;3.50;88.4;65000;1
16/2-6;1510.00;465840.40;6511460.60;-1479.80;NORTH_SEA_GP;Utsira Fm.;8.50;2.15;2.45;65.2;0.22;3.50;88.4;65000;1
16/2-6;1520.00;465840.80;6511461.20;-1489.60;NORTH_SEA_GP;Utsira Fm.;8.50;2.15;2.45;65.2;0.22;3.50;88.4;65000;1
16/2-6;1530.00;465841.20;6511461.80;-1499.40;NORTH_SEA_GP;Utsira Fm.;8.50;2.15;2.45;65.2;0.22;3.50;88.4;65000;1
16/2-6;1540.00;465841.60;6511462.40;-1509.20;NORTH_SEA_GP;Utsira Fm.;8.50;2.15;2.45;65.2;0.22;3.50;88.4;65000;1
16/2-6;1550.00;465842.00;6511463.00;-1519.00;NORTH_SEA_GP;Utsira Fm.;8.50;2.15;2.45;65.2;0.22;3.50;88.4;65000;1
16/2-6;1560.00;465842.40;6511463.60;-1528.80;NORTH_SEA_GP;Utsira Fm.;8.50;2.15;2.45;65.2;0.22;3.50;88.4;65000;1
16/2-6;1570.00;465842.80;6511464.20;-1538.60;NORTH_SEA_GP;Utsira Fm.;8.50;2.15;2.45;65.2;0.22;3.50;88.4;65000;1
16/2-6;1580.00;465843.20;6511464.80;-1548.40;NORTH_SEA_GP;Utsira Fm.;8.50;2.15;2.45;65.2;0.22;3.50;88.4;65000;1
16/2-6;1590.00;465843.60;6511465.40;-1558.20;NORTH_SEA_GP;Utsira Fm.;8.50;2.15;2.45;65.2;0.22;3.50;88.4;65000;1
16/2-6;1600.00;465844.00;6511466.00;-1568.00;NORTH_SEA_GP;Utsira Fm.;8.50;2.15;2.45;65.2;0.22;3.50;88.4;65000;1
16/2-6;1610.00;465844.40;6511466.60;-1577.80;NORTH_SEA_GP;Utsira Fm.;8.50;2.15;2.45;65.2;0.22;3.50;88.4;65000;1
16/2-6;1620.00;465844.80;6511467.20;-1587.60;NORTH_SEA_GP;Utsira Fm.;8.50;2.15;2.45;65.2;0.22;3.50;88.4;65000;1
16/2-6;1630.00;465845.20;6511467.80;-1597.40;NORTH_SEA_GP;Utsira Fm.;8.50;2.15;2.45;65.2;0.22;3.50;88.4;65000;1
16/2-6;1640.00;465845.60;6511468.40;-1607.20;NORTH_SEA_GP;Utsira Fm.;8.50;2.15;2.45;65.2;0.22;3.50;88.4;65000;1
16/2-6;1650.00;465846.00;6511469.00;-1617.00;NORTH_SEA_GP;Utsira Fm.;8.50;2.15;2.45;65.2;0.22;3.50;88.4;65000;1
16/2-6;1660.00;465846.40;6511469.60;-1626.80;NORTH_SEA_GP;Utsira Fm.;8.50;2.15;2.45;65.2;0.22;3.50;88.4;65000;1
16/2-6;1670.00;465846.80;6511470.20;-1636.60;NORTH_SEA_GP;Balder Fm.;8.50;2.15;2.45;65.2;0.22;3.50;88.4;65000;1
16/2-6;1680.00;465847.20;6511470.80;-1646.40;NORTH_SEA_GP;Balder Fm.;8.50;2.15;2.45;65.2;0.22;3.50;88.4;65000;1
16/2-6;1690.00;465847.60;6511471.40;-1656.20;NORTH_SEA_GP;Balder Fm.;8.50;2.15;2.45;65.2;0.22;3.50;88.4;65000;1
16/2-6;1700.00;465848.00;6511472.00;-1666.00;NORTH_SEA_GP;Balder Fm.;8.50;2.15;2.45;65.2;0.22;3.50;88.4;65000;1
16/2-6;1710.00;465848.40;6511472.60;-1675.80;NORTH_SEA_GP;Balder Fm.;8.50;2.15;2.45;65.2;0.22;3.50;88.4;65000;1
16/2-6;1720.00;465848.80;6511473.20;-1685.60;NORTH_SEA_GP;Balder Fm.;8.50;2.15;2.45;65.2;0.22;3.50;88.4;65000;1
16/2-6;1730.00;465849.20;6511473.80;-1695.40;NORTH_SEA_GP;Balder Fm.;8.50;2.15;2.45;65.2;0.22;3.50;88.4;65000;1
16/2-6;1740.00;465849.60;6511474.40;-1705.20;NORTH_SEA_GP;Balder Fm.;8.50;2.15;2.45;65.2;0.22;3.50;88.4;65000;1
16/2-6;1750.00;465850.00;6511475.00;-1715.00;NORTH_SEA_GP;Balder Fm.;8.50;2.15;2.45;65.2;0.22;3.50;88.4;65000;1
16/2-6;1760.00;465850.40;6511475.60;-1724.80;NORTH_SEA_GP;Balder Fm.;8.50;2.15;2.45;65.2;0.22;3.50;88.4;65000;1
16/2-6;1770.00;465850.80;6511476.20;-1734.60;NORTH_SEA_GP;Balder Fm.;8.50;2.15;2.45;65.2;0.22;3.50;88.4;65000;1
16/2-6;1780.00;465851.20;6511476.80;-1744.40;NORTH_SEA_GP;Balder Fm.;8.50;2.15;2.45;65.2;0.22;3.50;88.4;65000;1
16/2-6;1790.00;465851.60;6511477.40;-1754.20;NORTH_SEA_GP;Balder Fm.;8.50;2.15;2.45;65.2;0.22;3.50;88.4;65000;1
16/2-6;1800.00;465852.00;6511478.00;-1764.00;NORTH_SEA_GP;Balder Fm.;8.50;2.15;2.45;65.2;0.22;3.50;88.4;65000;1
16/2-6;1810.00;465852.40;6511478.60;-1773.80;NORTH_SEA_GP;Balder Fm.;8.50;2.15;2.45;65.2;0.22;3.50;88.4;65000;1
16/2-6;1820.00;465852.80;6511479.20;-1783.60;NORTH_SEA_GP;Balder Fm.;8.50;2.15;2.45;65.2;0.22;3.50;88.4;65000;1
16/2-6;1830.00;465853.20;6511479.80;-1793.40;NORTH_SEA_GP;Balder Fm.;8.50;2.15;2.45;65.2;0.22;3.50;88.4;65000;1
16/2-6;1840.00;465853.60;6511480.40;-1803.20;NORTH_SEA_GP;Balder Fm.;8.50;2.15;2.45;65.2;0.22;3.50;88.4;65000;1
16/2-6;1850.00;465854.00;6511481.00;-1813.00;NORTH_SEA_GP;Balder Fm.;8.50;2.15;2.45;65.2;0.22;3.50;88.4;65000;1
16/2-6;1860.00;465854.40;6511481.60;-1822.80;NORTH_SEA_GP;Balder Fm.;8.50;2.15;2.45;65.2;0.22;3.50;88.4;65000;1
16/2-6;1870.00;465854.80;6511482.20;-1832.60;NORTH_SEA_GP;Balder Fm.;8.50;2.15;2.45;65.2;0.22;3.50;88.4;65000;1
16/2-6;1880.00;465855.20;6511482.80;-1842.40;NORTH_SEA_GP;Balder Fm.;8.50;2.15;2.45;65.2;0.22;3.50;88.4;65000;1
16/2-6;1890.00;465855.60;6511483.40;-1852.20;NORTH_SEA_GP;Balder Fm.;8.50;2.15;2.45;65.2;0.22;3.50;88.4;65000;1
16/2-6;1900.00;465856.00;6511484.00;-1862.00;NORTH_SEA_GP;Balder Fm.;8.50;2.15;2.45;65.2;0.22;3.50;88.4;65000;1
16/2-6;1910.00;465856.40;6511484.60;-1871.80;NORTH_SEA_GP;Balder Fm.;8.50;2.15;2.45;65.2;0.22;3.50;88.4;65000;1
16/2-6;1920.00;465856.80;6511485.20;-1881.60;NORTH_SEA_GP;Balder Fm.;8.50;2.15;2.45;65.2;0.22;3.50;88.4;65000;1
16/2-6;1930.00;465857.20;6511485.80;-1891.40;NORTH_SEA_GP;Balder Fm.;8.50;2.15;2.45;65.2;0.22;3.50;88.4;65000;1
16/2-6;1940.00;465857.60;6511486.40;-1901.20;NORTH_SEA_GP;Balder Fm.;8.50;2.15;2.45;65.2;0.22;3.50;88.4;65000;1
16/2-6;1950.00;465858.00;6511487.00;-1911.00;NORTH_SEA_GP;Balder Fm.;8.50;2.15;2.45;65.2;0.22;3.50;88.4;65000;1
16/2-6;1960.00;465858.40;6511487.60;-1920.80;NORTH_SEA_GP;Balder Fm.;8.50;2.15;2.45;65.2;0.22;3.50;88.4;65000;1
16/2-6;1970.00;465858.80;6511488.20;-1930.60;NORTH_SEA_GP;Balder Fm.;8.50;2.15;2.45;65.2;0.22;3.50;88.4;65000;1
16/2-6;1980.00;465859.20;6511488.80;-1940.40;NORTH_SEA_GP;Balder Fm.;8.50;2.15;2.45;65.2;0.22;3.50;88.4;65000;1
16/2-6;1990.00;465859.60;6511489.40;-1950.20;NORTH_SEA_GP;Balder Fm.;8.50;2.15;2.45;65.2;0.22;3.50;88.4;65000;1
16/2-6;2000.00;465860.00;6511490.00;-1960.00;NORTH_SEA_GP;Balder Fm.;8.50;2.15;2.45;65.2;0.22;3.50;88.4;65000;1
16/2-6;2010.00;465860.40;6511490.60;-1969.80;NORTH_SEA_GP;Balder Fm.;8.50;2.15;2.45;65.2;0.22;3.50;88.4;65000;1
16/2-6;2020.00;465860.80;6511491.20;-1979.60;NORTH_SEA_GP;Balder Fm.;8.50;2.15;2.45;65.2;0.22;3.50;88.4;65000;1
16/2-6;2030.00;465861.20;6511491.80;-1989.40;NORTH_SEA_GP;Balder Fm.;8.50;2.15;2.45;65.2;0.22;3.50;88.4;65000;1
16/2-6;2040.00;465861.60;6511492.40;-1999.20;NORTH_SEA_GP;Balder Fm.;8.50;2.15;2.45;65.2;0.22;3.50;88.4;65000;1
16/2-6;2050.00;465862.00;6511493.00;-2009.00;NORTH_SEA_GP;Balder Fm.;8.50;2.15;2.45;65.2;0.22;3.50;88.4;65000;1
16/2-6;2060.00;465862.40;6511493.60;-2018.80;NORTH_SEA_GP;Balder Fm.;8.50;2.15;2.45;65.2;0.22;3.50;88.4;65000;1
16/2-6;2070.00;465862.80;6511494.20;-2028.60;NORTH_SEA_GP;Balder Fm.;8.50;2.15;2.45;65.2;0.22;3.50;88.4;65000;1
16/2-6;2080.00;465863.20;6511494.80;-2038.40;NORTH_SEA_GP;Balder Fm.;8.50;2.15;2.45;65.2;0.22;3.50;88.4;65000;1
16/2-6;2090.00;465863.60;6511495.40;-2048.20;NORTH_SEA_GP;Balder Fm.;8.50;2.15;2.45;65.2;0.22;3.50;88.4;65000;1
16/2-6;2100.00;465864.00;6511496.00;-2058.00;NORTH_SEA_GP;Balder Fm.;8.50;2.15;2.45;65.2;0.22;3.50;88.4;65000;1
16/2-6;2110.00;465864.40;6511496.60;-2067.80;NORTH_SEA_GP;Balder Fm.;8.50;2.15;2.45;65.2;0.22;3.50;88.4;65000;1
16/2-6;2120.00;465864.80;6511497.20;-2077.60;NORTH_SEA_GP;Balder Fm.;8.50;2.15;2.45;65.2;0.22;3.50;88.4;65000;1
16/2-6;2130.00;465865.20;6511497.80;-2087.40;NORTH_SEA_GP;Balder Fm.;8.50;2.15;2.45;65.2;0.22;3.50;88.4;65000;1
16/2-6;2140.00;465865.60;6511498.40;-2097.20;NORTH_SEA_GP;Balder Fm.;8.50;2.15;2.45;65.2;0.22;3.50;88.4;65000;1
16/2-6;2150.00;465866.00;6511499.00;-2107.00;NORTH_SEA_GP;Balder Fm.;8.50;2.15;2.45;65.2;0.22;3.50;88.4;65000;1
16/2-6;2160.00;465866.40;6511499.60;-2116.80;NORTH_SEA_GP;Balder Fm.;8.50;2.15;2.45;65.2;0.22;3.50;88.4;65000;1
16/2-6;2170.00;465866.80;6511500.20;-2126.60;NORTH_SEA_GP;Balder Fm.;8.50;2.15;2.45;65.2;0.22;3.50;88.4;65000;1
16/2-6;2180.00;465867.20;6511500.80;-2136.40;NORTH_SEA_GP;Balder Fm.;8.50;2.15;2.45;65.2;0.22;3.50;88.4;65000;1
16/2-6;2190.00;465867.60;6511501.40;-2146.20;NORTH_SEA_GP;Balder Fm.;8.50;2.15;2.45;65.2;0.22;3.50;88.4;65000;1
16/2-6;2200.00;465868.00;6511502.00;-2156.00;NORTH_SEA_GP;Balder Fm.;8.50;2.15;2.45;65.2;0.22;3.50;88.4;65000;1
16/2-6;2210.00;465868.40;6511502.60;-2165.80;NORTH_SEA_GP;Balder Fm.;8.50;2.15;2.45;65.2;0.22;3.50;88.4;65000;1
16/2-6;2220.00;465868.80;6511503.20;-2175.60;NORTH_SEA_GP;Balder Fm.;8.50;2.15;2.45;65.2;0.22;3.50;88.4;65000;1
16/2-6;2230.00;465869.20;6511503.80;-2185.40;NORTH_SEA_GP;Balder Fm.;8.50;2.15;2.45;65.2;0.22;3.50;88.4;65000;1
16/2-6;2240.00;465869.60;6511504.40;-2195.20;NORTH_SEA_GP;Balder Fm.;8.50;2.15;2.45;65.2;0.22;3.50;88.4;65000;1
16/2-6;2250.00;465870.00;6511505.00;-2205.00;NORTH_SEA_GP;Balder Fm.;8.50;2.15;2.45;65.2;0.22;3.50;88.4;65000;1
16/2-6;2260.00;465870.40;6511505.60;-2214.80;NORTH_SEA_GP;Draupne Fm.;8.50;2.15;2.45;65.2;0.22;3.50;88.4;65000;1
16/2-6;2270.00;465870.80;6511506.20;-2224.60;NORTH_SEA_GP;Draupne Fm.;8.50;2.15;2.45;65.2;0.22;3.50;88.4;65000;1
16/2-6;2280.00;465871.20;6511506.80;-2234.40;NORTH_SEA_GP;Draupne Fm.;8.50;2.15;2.45;65.2;0.22;3.50;88.4;65000;1
16/2-6;2290.00;465871.60;6511507.40;-2244.20;NORTH_SEA_GP;Draupne Fm.;8.50;2.15;2.45;65.2;0.22;3.50;88.4;65000;1
16/2-6;2300.00;465872.00;6511508.00;-2254.00;NORTH_SEA_GP;Draupne Fm.;8.50;2.15;2.45;65.2;0.22;3.50;88.4;65000;1
16/2-6;2310.00;465872.40;6511508.60;-2263.80;NORTH_SEA_GP;Draupne Fm.;8.50;2.15;2.45;65.2;0.22;3.50;88.4;65000;1
16/2-6;2320.00;465872.80;6511509.20;-2273.60;NORTH_SEA_GP;Draupne Fm.;8.50;2.15;2.45;65.2;0.22;3.50;88.4;65000;1
16/2-6;2330.00;465873.20;6511509.80;-2283.40;NORTH_SEA_GP;Draupne Fm.;8.50;2.15;2.45;65.2;0.22;3.50;88.4;65000;1
16/2-6;2340.00;465873.60;6511510.40;-2293.20;NORTH_SEA_GP;Draupne Fm.;8.50;2.15;2.45;65.2;0.22;3.50;88.4;65000;1
16/2-6;2350.00;465874.00;6511511.00;-2303.00;NORTH_SEA_GP;Draupne Fm.;8.50;2.15;2.45;65.2;0.22;3.50;88.4;65000;1
16/2-6;2360.00;465874.40;6511511.60;-2312.80;NORTH_SEA_GP;Draupne Fm.;8.50;2.15;2.45;65.2;0.22;3.50;88.4;65000;1
16/2-6;2370.00;465874.80;6511512.20;-2322.60;NORTH_SEA_GP;Draupne Fm.;8.50;2.15;2.45;65.2;0.22;3.50;88.4;65000;1
16/2-6;2380.00;465875.20;6511512.80;-2332.40;NORTH_SEA_GP;Draupne Fm.;8.50;2.15;2.45;65.2;0.22;3.50;88.4;65000;1
16/2-6;2390.00;465875.60;6511513.40;-2342.20;NORTH_SEA_GP;Draupne Fm.;8.50;2.15;2.45;65.2;0.22;3.50;88.4;65000;1
16/2-6;2400.00;465876.00;6511514.00;-2352.00;NORTH_SEA_GP;Draupne Fm.;8.50;2.15;2.45;65.2;0.22;3.50;88.4;65000;1
16/2-6;2410.00;465876.40;6511514.60;-2361.80;NORTH_SEA_GP;Draupne Fm.;8.50;2.15;2.45;65.2;0.22;3.50;88.4;65000;1
16/2-6;2420.00;465876.80;6511515.20;-2371.60;NORTH_SEA_GP;Draupne Fm.;8.50;2.15;2.45;65.2;0.22;3.50;88.4;65000;1
16/2-6;2430.00;465877.20;6511515.80;-2381.40;NORTH_SEA_GP;Draupne Fm.;8.50;2.15;2.45;65.2;0.22;3.50;88.4;65000;1
16/2-6;2440.00;465877.60;6511516.40;-2391.20;NORTH_SEA_GP;Draupne Fm.;8.50;2.15;2.45;65.2;0.22;3.50;88.4;65000;1
16/2-6;2450.00;465878.00;6511517.00;-2401.00;NORTH_SEA_GP;Draupne Fm.;8.50;2.15;2.45;65.2;0.22;3.50;88.4;65000;1
16/2-6;2460.00;465878.40;6511517.60;-2410.80;NORTH_SEA_GP;Draupne Fm.;8.50;2.15;2.45;65.2;0.22;3.50;88.4;65000;1
16/2-6;2470.00;465878.80;6511518.20;-2420.60;NORTH_SEA_GP;Draupne Fm.;8.50;2.15;2.45;65.2;0.22;3.50;88.4;65000;1
16/2-6;2480.00;465879.20;6511518.80;-2430.40;NORTH_SEA_GP;Draupne Fm.;8.50;2.15;2.45;65.2;0.22;3.50;88.4;65000;1
16/2-6;2490.00;465879.60;6511519.40;-2440.20;NORTH_SEA_GP;Draupne Fm.;8.50;2.15;2.45;65.2;0.22;3.50;88.4;65000;1
16/2-6;2500.00;465880.00;6511520.00;-2450.00;NORTH_SEA_GP;Draupne Fm.;8.50;2.15;2.45;65.2;0.22;3.50;88.4;65000;1
16/2-6;2510.00;465880.40;6511520.60;-2459.80;NORTH_SEA_GP;Draupne Fm.;8.50;2.15;2.45;65.2;0.22;3.50;88.4;65000;1
16/2-6;2520.00;465880.80;6511521.20;-2469.60;NORTH_SEA_GP;Draupne Fm.;8.50;2.15;2.45;65.2;0.22;3.50;88.4;65000;1
16/2-6;2530.00;465881.20;6511521.80;-2479.40;NORTH_SEA_GP;Draupne Fm.;8.50;2.15;2.45;65.2;0.22;3.50;88.4;65000;1
16/2-6;2540.00;465881.60;6511522.40;-2489.20;NORTH_SEA_GP;Draupne Fm.;8.50;2.15;2.45;65.2;0.22;3.50;88.4;65000;1
16/2-6;2550.00;465882.00;6511523.00;-2499.00;NORTH_SEA_GP;Draupne Fm.;8.50;2.15;2.45;65.2;0.22;3.50;88.4;65000;1
16/2-6;2560.00;465882.40;6511523.60;-2508.80;NORTH_SEA_GP;Draupne Fm.;8.50;2.15;2.45;65.2;0.22;3.50;88.4;65000;1
16/2-6;2570.00;465882.80;6511524.20;-2518.60;NORTH_SEA_GP;Draupne Fm.;8.50;2.15;2.45;65.2;0.22;3.50;88.4;65000;1
16/2-6;2580.00;465883.20;6511524.80;-2528.40;NORTH_SEA_GP;Draupne Fm.;8.50;2.15;2.45;65.2;0.22;3.50;88.4;65000;1
16/2-6;2590.00;465883.60;6511525.40;-2538.20;NORTH_SEA_GP;Draupne Fm.;8.50;2.15;2.45;65.2;0.22;3.50;88.4;65000;1
16/2-6;2600.00;465884.00;6511526.00;-2548.00;NORTH_SEA_GP;Draupne Fm.;8.50;2.15;2.45;65.2;0.22;3.50;88.4;65000;1
16/2-6;2610.00;465884.40;6511526.60;-2557.80;NORTH_SEA_GP;Draupne Fm.;8.50;2.15;2.45;65.2;0.22;3.50;88.4;65000;1
16/2-6;2620.00;465884.80;6511527.20;-2567.60;NORTH_SEA_GP;Draupne Fm.;8.50;2.15;2.45;65.2;0.22;3.50;88.4;65000;1
16/2-6;2630.00;465885.20;6511527.80;-2577.40;NORTH_SEA_GP;Draupne Fm.;8.50;2.15;2.45;65.2;0.22;3.50;88.4;65000;1
16/2-6;2640.00;465885.60;6511528.40;-2587.20;NORTH_SEA_GP;Draupne Fm.;8.50;2.15;2.45;65.2;0.22;3.50;88.4;65000;1
16/2-6;2650.00;465886.00;6511529.00;-2597.00;NORTH_SEA_GP;Draupne Fm.;8.50;2.15;2.45;65.2;0.22;3.50;88.4;65000;1
16/2-6;2660.00;465886.40;6511529.60;-2606.80;NORTH_SEA_GP;Draupne Fm.;8.50;2.15;2.45;65.2;0.22;3.50;88.4;65000;1
16/2-6;2670.00;465886.80;6511530.20;-2616.60;NORTH_SEA_GP;Draupne Fm.;8.50;2.15;2.45;65.2;0.22;3.50;88.4;65000;1
16/2-6;2680.00;465887.20;6511530.80;-2626.40;NORTH_SEA_GP;Draupne Fm.;8.50;2.15;2.45;65.2;0.22;3.50;88.4;65000;1
16/2-6;2690.00;465887.60;6511531.40;-2636.20;NORTH_SEA_GP;Draupne Fm.;8.50;2.15;2.45;65.2;0.22;3.50;88.4;65000;1
16/2-6;2700.00;465888.00;6511532.00;-2646.00;NORTH_SEA_GP;Draupne Fm.;8.50;2.15;2.45;65.2;0.22;3.50;88.4;65000;1
16/2-6;2710.00;465888.40;6511532.60;-2655.80;NORTH_SEA_GP;Draupne Fm.;8.50;2.15;2.45;65.2;0.22;3.50;88.4;65000;1
16/2-6;2720.00;465888.80;6511533.20;-2665.60;NORTH_SEA_GP;Draupne Fm.;8.50;2.15;2.45;65.2;0.22;3.50;88.4;65000;1
16/2-6;2730.00;465889.20;6511533.80;-2675.40;NORTH_SEA_GP;Draupne Fm.;8.50;2.15;2.45;65.2;0.22;3.50;88.4;65000;1
16/2-6;2740.00;465889.60;6511534.40;-2685.20;NORTH_SEA_GP;Draupne Fm.;8.50;2.15;2.45;65.2;0.22;3.50;88.4;65000;1
16/2-6;2750.00;465890.00;6511535.00;-2695.00;NORTH_SEA_GP;Draupne Fm.;8.50;2.15;2.45;65.2;0.22;3.50;88.4;65000;1
16/2-6;2760.00;465890.40;6511535.60;-2704.80;NORTH_SEA_GP;Draupne Fm.;8.50;2.15;2.45;65.2;0.22;3.50;88.4;65000;1
16/2-6;2770.00;465890.80;6511536.20;-2714.60;NORTH_SEA_GP;Draupne Fm.;8.50;2.15;2.45;65.2;0.22;3.50;88.4;65000;1
16/2-6;2780.00;465891.20;6511536.80;-2724.40;NORTH_SEA_GP;Draupne Fm.;8.50;2.15;2.45;65.2;0.22;3.50;88.4;65000;1
16/2-6;2790.00;465891.60;6511537.40;-2734.20;NORTH_SEA_GP;Draupne Fm.;8.50;2.15;2.45;65.2;0.22;3.50;88.4;65000;1
16/2-6;2800.00;465892.00;6511538.00;-2744.00;NORTH_SEA_GP;Draupne Fm.;8.50;2.15;2.45;65.2;0.22;3.50;88.4;65000;1
16/2-6;2810.00;465892.40;6511538.60;-2753.80;NORTH_SEA_GP;Draupne Fm.;8.50;2.15;2.45;65.2;0.22;3.50;88.4;65000;1
16/2-6;2820.00;465892.80;6511539.20;-2763.60;NORTH_SEA_GP;Draupne Fm.;8.50;2.15;2.45;65.2;0.22;3.50;88.4;65000;1
16/2-6;2830.00;465893.20;6511539.80;-2773.40;NORTH_SEA_GP;Draupne Fm.;8.50;2.15;2.45;65.2;0.22;3.50;88.4;65000;1
16/2-6;2840.00;465893.60;6511540.40;-2783.20;NORTH_SEA_GP;Draupne Fm.;8.50;2.15;2.45;65.2;0.22;3.50;88.4;65000;1
25/8-5_S;500.00;472150.00;6589300.00;-490.00;NORTH_SEA_GP;Hordaland Gp.;8.50;2.15;2.45;65.2;0.22;3.50;88.4;30000;1
25/8-5_S;510.00;472150.40;6589300.60;-499.80;NORTH_SEA_GP;Hordaland Gp.;8.50;2.15;2.45;65.2;0.22;3.50;88.4;30000;1
25/8-5_S;520.00;472150.80;6589301.20;-509.60;NORTH_SEA_GP;Hordaland Gp.;8.50;2.15;2.45;65.2;0.22;3.50;88.4;30000;1
25/8-5_S;530.00;472151.20;6589301.80;-519.40;NORTH_SEA_GP;Hordaland Gp.;8.50;2.15;2.45;65.2;0.22;3.50;88.4;30000;1
25/8-5_S;540.00;472151.60;6589302.40;-529.20;NORTH_SEA_GP;Hordaland Gp.;8.50;2.15;2.45;65.2;0.22;3.50;88.4;30000;1
25/8-5_S;550.00;472152.00;6589303.00;-539.00;NORTH_SEA_GP;Hordaland Gp.;8.50;2.15;2.45;65.2;0.22;3.50;88.4;30000;1
25/8-5_S;560.00;472152.40;6589303.60;-548.80;NORTH_SEA_GP;Hordaland Gp.;8.50;2.15;2.45;65.2;0.22;3.50;88.4;30000;1
25/8-5_S;570.00;472152.80;6589304.20;-558.60;NORTH_SEA_GP;Hordaland Gp.;8.50;2.15;2.45;65.2;0.22;3.50;88.4;30000;1
25/8-5_S;580.00;472153.20;6589304.80;-568.40;NORTH_SEA_GP;Hordaland Gp.;8.50;2.15;2.45;65.2;0.22;3.50;88.4;30000;1
25/8-5_S;590.00;472153.60;6589305.40;-578.20;NORTH_SEA_GP;Hordaland Gp.;8.50;2.15;2.45;65.2;0.22;3.50;88.4;30000;1
25/8-5_S;600.00;472154.00;6589306.00;-588.00;NORTH_SEA_GP;Hordaland Gp.;8.50;2.15;2.45;65.2;0.22;3.50;88.4;30000;1
25/8-5_S;610.00;472154.40;6589306.60;-597.80;NORTH_SEA_GP;Hordaland Gp.;8.50;2.15;2.45;65.2;0.22;3.50;88.4;30000;1
25/8-5_S;620.00;472154.80;6589307.20;-607.60;NORTH_SEA_GP;Hordaland Gp.;8.50;2.15;2.45;65.2;0.22;3.50;88.4;30000;1
25/8-5_S;630.00;472155.20;6589307.80;-617.40;NORTH_SEA_GP;Hordaland Gp.;8.50;2.15;2.45;65.2;0.22;3.50;88.4;30000;1
25/8-5_S;640.00;472155.60;6589308.40;-627.20;NORTH_SEA_GP;Hordaland Gp.;8.50;2.15;2.45;65.2;0.22;3.50;88.4;30000;1
25/8-5_S;650.00;472156.00;6589309.00;-637.00;NORTH_SEA_GP;Hordaland Gp.;8.50;2.15;2.45;65.2;0.22;3.50;88.4;30000;1
25/8-5_S;660.00;472156.40;6589309.60;-646.80;NORTH_SEA_GP;Hordaland Gp.;8.50;2.15;2.45;65.2;0.22;3.50;88.4;30000;1
25/8-5_S;670.00;472156.80;6589310.20;-656.60;NORTH_SEA_GP;Hordaland Gp.;8.50;2.15;2.45;65.2;0.22;3.50;88.4;30000;1
25/8-5_S;680.00;472157.20;6589310.80;-666.40;NORTH_SEA_GP;Hordaland Gp.;8.50;2.15;2.45;65.2;0.22;3.50;88.4;30000;1
25/8-5_S;690.00;472157.60;6589311.40;-676.20;NORTH_SEA_GP;Hordaland Gp.;8.50;2.15;2.45;65.2;0.22;3.50;88.4;30000;1
25/8-5_S;700.00;472158.00;6589312.00;-686.00;NORTH_SEA_GP;Hordaland Gp.;8.50;2.15;2.45;65.2;0.22;3.50;88.4;30000;1
25/8-5_S;710.00;472158.40;6589312.60;-695.80;NORTH_SEA_GP;Hordaland Gp.;8.50;2.15;2.45;65.2;0.22;3.50;88.4;30000;1
25/8-5_S;720.00;472158.80;6589313.20;-705.60;NORTH_SEA_GP;Hordaland Gp.;8.50;2.15;2.45;65.2;0.22;3.50;88.4;30000;1
25/8-5_S;730.00;472159.20;6589313.80;-715.40;NORTH_SEA_GP;Hordaland Gp.;8.50;2.15;2.45;65.2;0.22;3.50;88.4;30000;1
25/8-5_S;740.00;472159.60;6589314.40;-725.20;NORTH_SEA_GP;Hordaland Gp.;8.50;2.15;2.45;65.2;0.22;3.50;88.4;30000;1
25/8-5_S;750.00;472160.00;6589315.00;-735.00;NORTH_SEA_GP;Hordaland Gp.;8.50;2.15;2.45;65.2;0.22;3.50;88.4;30000;1
25/8-5_S;760.00;472160.40;6589315.60;-744.80;NORTH_SEA_GP;Hordaland Gp.;8.50;2.15;2.45;65.2;0.22;3.50;88.4;30000;1
25/8-5_S;770.00;472160.80;6589316.20;-754.60;NORTH_SEA_GP;Hordaland Gp.;8.50;2.15;2.45;65.2;0.22;3.50;88.4;30000;1
25/8-5_S;780.00;472161.20;6589316.80;-764.40;NORTH_SEA_GP;Hordaland Gp.;8.50;2.15;2.45;65.2;0.22;3.50;88.4;30000;1
25/8-5_S;790.00;472161.60;6589317.40;-774.20;NORTH_SEA_GP;Hordaland Gp.;8.50;2.15;2.45;65.2;0.22;3.50;88.4;30000;1
25/8-5_S;800.00;472162.00;6589318.00;-784.00;NORTH_SEA_GP;Hordaland Gp.;8.50;2.15;2.45;65.2;0.22;3.50;88.4;30000;1
25/8-5_S;810.00;472162.40;6589318.60;-793.80;NORTH_SEA_GP;Hordaland Gp.;8.50;2.15;2.45;65.2;0.22;3.50;88.4;30000;1
25/8-5_S;820.00;472162.80;6589319.20;-803.60;NORTH_SEA_GP;Hordaland Gp.;8.50;2.15;2.45;65.2;0.22;3.50;88.4;30000;1
25/8-5_S;830.00;472163.20;6589319.80;-813.40;NORTH_SEA_GP;Hordaland Gp.;8.50;2.15;2.45;65.2;0.22;3.50;88.4;30000;1
25/8-5_S;840.00;472163.60;6589320.40;-823.20;NORTH_SEA_GP;Hordaland Gp.;8.50;2.15;2.45;65.2;0.22;3.50;88.4;30000;1
25/8-5_S;850.00;472164.00;6589321.00;-833.00;NORTH_SEA_GP;Hordaland Gp.;8.50;2.15;2.45;65.2;0.22;3.50;88.4;30000;1
25/8-5_S;860.00;472164.40;6589321.60;-842.80;NORTH_SEA_GP;Hordaland Gp.;8.50;2.15;2.45;65.2;0.22;3.50;88.4;30000;1
25/8-5_S;870.00;472164.80;6589322.20;-852.60;NORTH_SEA_GP;Hordaland Gp.;8.50;2.15;2.45;65.2;0.22;3.50;88.4;30000;1
25/8-5_S;880.00;472165.20;6589322.80;-862.40;NORTH_SEA_GP;Hordaland Gp.;8.50;2.15;2.45;65.2;0.22;3.50;88.4;30000;1
25/8-5_S;890.00;472165.60;6589323.40;-872.20;NORTH_SEA_GP;Hordaland Gp.;8.50;2.15;2.45;65.2;0.22;3.50;88.4;30000;1
25/8-5_S;900.00;472166.00;6589324.00;-882.00;NORTH_SEA_GP;Hordaland Gp.;8.50;2.15;2.45;65.2;0.22;3.50;88.4;30000;1
25/8-5_S;910.00;472166.40;6589324.60;-891.80;NORTH_SEA_GP;Hordaland Gp.;8.50;2.15;2.45;65.2;0.22;3.50;88.4;30000;1
25/8-5_S;920.00;472166.80;6589325.20;-901.60;NORTH_SEA_GP;Hordaland Gp.;8.50;2.15;2.45;65.2;0.22;3.50;88.4;30000;1
25/8-5_S;930.00;472167.20;6589325.80;-911.40;NORTH_SEA_GP;Hordaland Gp.;8.50;2.15;2.45;65.2;0.22;3.50;88.4;30000;1
25/8-5_S;940.00;472167.60;6589326.40;-921.20;NORTH_SEA_GP;Hordaland Gp.;8.50;2.15;2.45;65.2;0.22;3.50;88.4;30000;1
25/8-5_S;950.00;472168.00;6589327.00;-931.00;NORTH_SEA_GP;Hordaland Gp.;8.50;2.15;2.45;65.2;0.22;3.50;88.4;30000;1
25/8-5_S;960.00;472168.40;6589327.60;-940.80;NORTH_SEA_GP;Hordaland Gp.;8.50;2.15;2.45;65.2;0.22;3.50;88.4;30000;1
25/8-5_S;970.00;472168.80;6589328.20;-950.60;NORTH_SEA_GP;Hordaland Gp.;8.50;2.15;2.45;65.2;0.22;3.50;88.4;30000;1
25/8-5_S;980.00;472169.20;6589328.80;-960.40;NORTH_SEA_GP;Hordaland Gp.;8.50;2.15;2.45;65.2;0.22;3.50;88.4;30000;1
25/8-5_S;990.00;472169.60;6589329.40;-970.20;NORTH_SEA_GP;Hordaland Gp.;8.50;2.15;2.45;65.2;0.22;3.50;88.4;30000;1
25/8-5_S;1000.00;472170.00;6589330.00;-980.00;NORTH_SEA_GP;Hordaland Gp.;8.50;2.15;2.45;65.2;0.22;3.50;88.4;30000;1
25/8-5_S;1010.00;472170.40;6589330.60;-989.80;NORTH_SEA_GP;Hordaland Gp.;8.50;2.15;2.45;65.2;0.22;3.50;88.4;30000;1
25/8-5_S;1020.00;472170.80;6589331.20;-999.60;NORTH_SEA_GP;Hordaland Gp.;8.50;2.15;2.45;65.2;0.22;3.50;88.4;30000;1
25/8-5_S;1030.00;472171.20;6589331.80;-1009.40;NORTH_SEA_GP;Hordaland Gp.;8.50;2.15;2.45;65.2;0.22;3.50;88.4;30000;1
25/8-5_S;1040.00;472171.60;6589332.40;-1019.20;NORTH_SEA_GP;Hordaland Gp.;8.50;2.15;2.45;65.2;0.22;3.50;88.4;30000;1
25/8-5_S;1050.00;472172.00;6589333.00;-1029.00;NORTH_SEA_GP;Hordaland Gp.;8.50;2.15;2.45;65.2;0.22;3.50;88.4;30000;1
25/8-5_S;1060.00;472172.40;6589333.60;-1038.80;NORTH_SEA_GP;Hordaland Gp.;8.50;2.15;2.45;65.2;0.22;3.50;88.4;30000;1
25/8-5_S;1070.00;472172.80;6589334.20;-1048.60;NORTH_SEA_GP;Hordaland Gp.;8.50;2.15;2.45;65.2;0.22;3.50;88.4;30000;1
25/8-5_S;1080.00;472173.20;6589334.80;-1058.40;NORTH_SEA_GP;Hordaland Gp.;8.50;2.15;2.45;65.2;0.22;3.50;88.4;30000;1
25/8-5_S;1090.00;472173.60;6589335.40;-1068.20;NORTH_SEA_GP;Hordaland Gp.;8.50;2.15;2.45;65.2;0.22;3.50;88.4;30000;1
25/8-5_S;1100.00;472174.00;6589336.00;-1078.00;NORTH_SEA_GP;Hordaland Gp.;8.50;2.15;2.45;65.2;0.22;3.50;88.4;30000;1
25/8-5_S;1110.00;472174.40;6589336.60;-1087.80;NORTH_SEA_GP;Hordaland Gp.;8.50;2.15;2.45;65.2;0.22;3.50;88.4;30000;1
25/8-5_S;1120.00;472174.80;6589337.20;-1097.60;NORTH_SEA_GP;Hordaland Gp.;8.50;2.15;2.45;65.2;0.22;3.50;88.4;30000;1
25/8-5_S;1130.00;472175.20;6589337.80;-1107.40;NORTH_SEA_GP;Hordaland Gp.;8.50;2.15;2.45;65.2;0.22;3.50;88.4;30000;1
25/8-5_S;1140.00;472175.60;6589338.40;-1117.20;NORTH_SEA_GP;Hordaland Gp.;8.50;2.15;2.45;65.2;0.22;3.50;88.4;30000;1
25/8-5_S;1150.00;472176.00;6589339.00;-1127.00;NORTH_SEA_GP;Hordaland Gp.;8.50;2.15;2.45;65.2;0.22;3.50;88.4;30000;1
25/8-5_S;1160.00;472176.40;6589339.60;-1136.80;NORTH_SEA_GP;Heimdal Fm.;8.50;2.15;2.45;65.2;0.22;3.50;88.4;30000;1
25/8-5_S;1170.00;472176.80;6589340.20;-1146.60;NORTH_SEA_GP;Heimdal Fm.;8.50;2.15;2.45;65.2;0.22;3.50;88.4;30000;1
25/8-5_S;1180.00;472177.20;6589340.80;-1156.40;NORTH_SEA_GP;Heimdal Fm.;8.50;2.15;2.45;65.2;0.22;3.50;88.4;30000;1
25/8-5_S;1190.00;472177.60;6589341.40;-1166.20;NORTH_SEA_GP;Heimdal Fm.;8.50;2.15;2.45;65.2;0.22;3.50;88.4;30000;1
25/8-5_S;1200.00;472178.00;6589342.00;-1176.00;NORTH_SEA_GP;Heimdal Fm.;8.50;2.15;2.45;65.2;0.22;3.50;88.4;30000;1
25/8-5_S;1210.00;472178.40;6589342.60;-1185.80;NORTH_SEA_GP;Heimdal Fm.;8.50;2.15;2.45;65.2;0.22;3.50;88.4;30000;1
25/8-5_S;1220.00;472178.80;6589343.20;-1195.60;NORTH_SEA_GP;Heimdal Fm.;8.50;2.15;2.45;65.2;0.22;3.50;88.4;30000;1
25/8-5_S;1230.00;472179.20;6589343.80;-1205.40;NORTH_SEA_GP;Heimdal Fm.;8.50;2.15;2.45;65.2;0.22;3.50;88.4;30000;1
25/8-5_S;1240.00;472179.60;6589344.40;-1215.20;NORTH_SEA_GP;Heimdal Fm.;8.50;2.15;2.45;65.2;0.22;3.50;88.4;30000;1
25/8-5_S;1250.00;472180.00;6589345.00;-1225.00;NORTH_SEA_GP;Heimdal Fm.;8.50;2.15;2.45;65.2;0.22;3.50;88.4;30000;1
25/8-5_S;1260.00;472180.40;6589345.60;-1234.80;NORTH_SEA_GP;Heimdal Fm.;8.50;2.15;2.45;65.2;0.22;3.50;88.4;30000;1
25/8-5_S;1270.00;472180.80;6589346.20;-1244.60;NORTH_SEA_GP;Heimdal Fm.;8.50;2.15;2.45;65.2;0.22;3.50;88.4;30000;1
25/8-5_S;1280.00;472181.20;6589346.80;-1254.40;NORTH_SEA_GP;Heimdal Fm.;8.50;2.15;2.45;65.2;0.22;3.50;88.4;30000;1
25/8-5_S;1290.00;472181.60;6589347.40;-1264.20;NORTH_SEA_GP;Heimdal Fm.;8.50;2.15;2.45;65.2;0.22;3.50;88.4;30000;1
25/8-5_S;1300.00;472182.00;6589348.00;-1274.00;NORTH_SEA_GP;Heimdal Fm.;8.50;2.15;2.45;65.2;0.22;3.50;88.4;30000;1
25/8-5_S;1310.00;472182.40;6589348.60;-1283.80;NORTH_SEA_GP;Heimdal Fm.;8.50;2.15;2.45;65.2;0.22;3.50;88.4;30000;1
25/8-5_S;1320.00;472182.80;6589349.20;-1293.60;NORTH_SEA_GP;Heimdal Fm.;8.50;2.15;2.45;65.2;0.22;3.50;88.4;30000;1
25/8-5_S;1330.00;472183.20;6589349.80;-1303.40;NORTH_SEA_GP;Heimdal Fm.;8.50;2.15;2.45;65.2;0.22;3.50;88.4;30000;1
25/8-5_S;1340.00;472183.60;6589350.40;-1313.20;NORTH_SEA_GP;Heimdal Fm.;8.50;2.15;2.45;65.2;0.22;3.50;88.4;30000;1
25/8-5_S;1350.00;472184.00;6589351.00;-1323.00;NORTH_SEA_GP;Heimdal Fm.;8.50;2.15;2.45;65.2;0.22;3.50;88.4;30000;1
25/8-5_S;1360.00;472184.40;6589351.60;-1332.80;NORTH_SEA_GP;Heimdal Fm.;8.50;2.15;2.45;65.2;0.22;3.50;88.4;30000;1
25/8-5_S;1370.00;472184.80;6589352.20;-1342.60;NORTH_SEA_GP;Heimdal Fm.;8.50;2.15;2.45;65.2;0.22;3.50;88.4;30000;1
25/8-5_S;1380.00;472185.20;6589352.80;-1352.40;NORTH_SEA_GP;Heimdal Fm.;8.50;2.15;2.45;65.2;0.22;3.50;88.4;30000;1
25/8-5_S;1390.00;472185.60;6589353.40;-1362.20;NORTH_SEA_GP;Heimdal Fm.;8.50;2.15;2.45;65.2;0.22;3.50;88.4;30000;1
25/8-5_S;1400.00;472186.00;6589354.00;-1372.00;NORTH_SEA_GP;Heimdal Fm.;8.50;2.15;2.45;65.2;0.22;3.50;88.4;30000;1
25/8-5_S;1410.00;472186.40;6589354.60;-1381.80;NORTH_SEA_GP;Heimdal Fm.;8.50;2.15;2.45;65.2;0.22;3.50;88.4;30000;1
25/8-5_S;1420.00;472186.80;6589355.20;-1391.60;NORTH_SEA_GP;Heimdal Fm.;8.50;2.15;2.45;65.2;0.22;3.50;88.4;30000;1
25/8-5_S;1430.00;472187.20;6589355.80;-1401.40;NORTH_SEA_GP;Heimdal Fm.;8.50;2.15;2.45;65.2;0.22;3.50;88.4;30000;1
25/8-5_S;1440.00;472187.60;6589356.40;-1411.20;NORTH_SEA_GP;Heimdal Fm.;8.50;2.15;2.45;65.2;0.22;3.50;88.4;30000;1
25/8-5_S;1450.00;472188.00;6589357.00;-1421.00;NORTH_SEA_GP;Heimdal Fm.;8.50;2.15;2.45;65.2;0.22;3.50;88.4;30000;1
25/8-5_S;1460.00;472188.40;6589357.60;-1430.80;NORTH_SEA_GP;Heimdal Fm.;8.50;2.15;2.45;65.2;0.22;3.50;88.4;30000;1
25/8-5_S;1470.00;472188.80;6589358.20;-1440.60;NORTH_SEA_GP;Heimdal Fm.;8.50;2.15;2.45;65.2;0.22;3.50;88.4;30000;1
25/8-5_S;1480.00;472189.20;6589358.80;-1450.40;NORTH_SEA_GP;Heimdal Fm.;8.50;2.15;2.45;65.2;0.22;3.50;88.4;30000;1
25/8-5_S;1490.00;472189.60;6589359.40;-1460.20;NORTH_SEA_GP;Heimdal Fm.;8.50;2.15;2.45;65.2;0.22;3.50;88.4;30000;1
25/8-5_S;1500.00;472190.00;6589360.00;-1470.00;NORTH_SEA_GP;Heimdal Fm.;8.50;2.15;2.45;65.2;0.22;3.50;88.4;30000;1
25/8-5_S;1510.00;472190.40;6589360.60;-1479.80;NORTH_SEA_GP;Heimdal Fm.;8.50;2.15;2.45;65.2;0.22;3.50;88.4;30000;1
25/8-5_S;1520.00;472190.80;6589361.20;-1489.60;NORTH_SEA_GP;Heimdal Fm.;8.50;2.15;2.45;65.2;0.22;3.50;88.4;30000;1
25/8-5_S;1530.00;472191.20;6589361.80;-1499.40;NORTH_SEA_GP;Heimdal Fm.;8.50;2.15;2.45;65.2;0.22;3.50;88.4;30000;1
25/8-5_S;1540.00;472191.60;6589362.40;-1509.20;NORTH_SEA_GP;Heimdal Fm.;8.50;2.15;2.45;65.2;0.22;3.50;88.4;30000;1
25/8-5_S;1550.00;472192.00;6589363.00;-1519.00;NORTH_SEA_GP;Heimdal Fm.;8.50;2.15;2.45;65.2;0.22;3.50;88.4;30000;1
25/8-5_S;1560.00;472192.40;6589363.60;-1528.80;NORTH_SEA_GP;Heimdal Fm.;8.50;2.15;2.45;65.2;0.22;3.50;88.4;30000;1
25/8-5_S;1570.00;472192.80;6589364.20;-1538.60;NORTH_SEA_GP;Heimdal Fm.;8.50;2.15;2.45;65.2;0.22;3.50;88.4;30000;1
25/8-5_S;1580.00;472193.20;6589364.80;-1548.40;NORTH_SEA_GP;Heimdal Fm.;8.50;2.15;2.45;65.2;0.22;3.50;88.4;30000;1
25/8-5_S;1590.00;472193.60;6589365.40;-1558.20;NORTH_SEA_GP;Heimdal Fm.;8.50;2.15;2.45;65.2;0.22;3.50;88.4;30000;1
25/8-5_S;1600.00;472194.00;6589366.00;-1568.00;NORTH_SEA_GP;Heimdal Fm.;8.50;2.15;2.45;65.2;0.22;3.50;88.4;30000;1
25/8-5_S;1610.00;472194.40;6589366.60;-1577.80;NORTH_SEA_GP;Heimdal Fm.;8.50;2.15;2.45;65.2;0.22;3.50;88.4;30000;1
25/8-5_S;1620.00;472194.80;6589367.20;-1587.60;NORTH_SEA_GP;Heimdal Fm.;8.50;2.15;2.45;65.2;0.22;3.50;88.4;30000;1
25/8-5_S;1630.00;472195.20;6589367.80;-1597.40;NORTH_SEA_GP;Heimdal Fm.;8.50;2.15;2.45;65.2;0.22;3.50;88.4;30000;1
25/8-5_S;1640.00;472195.60;6589368.40;-1607.20;NORTH_SEA_GP;Heimdal Fm.;8.50;2.15;2.45;65.2;0.22;3.50;88.4;30000;1
25/8-5_S;1650.00;472196.00;6589369.00;-1617.00;NORTH_SEA_GP;Heimdal Fm.;8.50;2.15;2.45;65.2;0.22;3.50;88.4;30000;1
25/8-5_S;1660.00;472196.40;6589369.60;-1626.80;NORTH_SEA_GP;Heimdal Fm.;8.50;2.15;2.45;65.2;0.22;3.50;88.4;30000;1
25/8-5_S;1670.00;472196.80;6589370.20;-1636.60;NORTH_SEA_GP;Heimdal Fm.;8.50;2.15;2.45;65.2;0.22;3.50;88.4;30000;1
25/8-5_S;1680.00;472197.20;6589370.80;-1646.40;NORTH_SEA_GP;Heimdal Fm.;8.50;2.15;2.45;65.2;0.22;3.50;88.4;30000;1
25/8-5_S;1690.00;472197.60;6589371.40;-1656.20;NORTH_SEA_GP;Heimdal Fm.;8.50;2.15;2.45;65.2;0.22;3.50;88.4;30000;1
25/8-5_S;1700.00;472198.00;6589372.00;-1666.00;NORTH_SEA_GP;Heimdal Fm.;8.50;2.15;2.45;65.2;0.22;3.50;88.4;30000;1
25/8-5_S;1710.00;472198.40;6589372.60;-1675.80;NORTH_SEA_GP;Heimdal Fm.;8.50;2.15;2.45;65.2;0.22;3.50;88.4;30000;1
25/8-5_S;1720.00;472198.80;6589373.20;-1685.60;NORTH_SEA_GP;Heimdal Fm.;8.50;2.15;2.45;65.2;0.22;3.50;88.4;30000;1
25/8-5_S;1730.00;472199.20;6589373.80;-1695.40;NORTH_SEA_GP;Heimdal Fm.;8.50;2.15;2.45;65.2;0.22;3.50;88.4;30000;1
25/8-5_S;1740.00;472199.60;6589374.40;-1705.20;NORTH_SEA_GP;Heimdal Fm.;8.50;2.15;2.45;65.2;0.22;3.50;88.4;30000;1
25/8-5_S;1750.00;472200.00;6589375.00;-1715.00;NORTH_SEA_GP;Heimdal Fm.;8.50;2.15;2.45;65.2;0.22;3.50;88.4;30000;1
25/8-5_S;1760.00;472200.40;6589375.60;-1724.80;NORTH_SEA_GP;Heimdal Fm.;8.50;2.15;2.45;65.2;0.22;3.50;88.4;30000;1
25/8-5_S;1770.00;472200.80;6589376.20;-1734.60;NORTH_SEA_GP;Heimdal Fm.;8.50;2.15;2.45;65.2;0.22;3.50;88.4;30000;1
25/8-5_S;1780.00;472201.20;6589376.80;-1744.40;NORTH_SEA_GP;Heimdal Fm.;8.50;2.15;2.45;65.2;0.22;3.50;88.4;30000;1
25/8-5_S;1790.00;472201.60;6589377.40;-1754.20;NORTH_SEA_GP;Heimdal Fm.;8.50;2.15;2.45;65.2;0.22;3.50;88.4;30000;1
25/8-5_S;1800.00;472202.00;6589378.00;-1764.00;NORTH_SEA_GP;Heimdal Fm.;8.50;2.15;2.45;65.2;0.22;3.50;88.4;30000;1
25/8-5_S;1810.00;472202.40;6589378.60;-1773.80;NORTH_SEA_GP;Tor Fm.;8.50;2.15;2.45;65.2;0.22;3.50;88.4;30000;1
25/8-5_S;1820.00;472202.80;6589379.20;-1783.60;NORTH_SEA_GP;Tor Fm.;8.50;2.15;2.45;65.2;0.22;3.50;88.4;30000;1
25/8-5_S;1830.00;472203.20;6589379.80;-1793.40;NORTH_SEA_GP;Tor Fm.;8.50;2.15;2.45;65.2;0.22;3.50;88.4;30000;1
25/8-5_S;1840.00;472203.60;6589380.40;-1803.20;NORTH_SEA_GP;Tor Fm.;8.50;2.15;2.45;65.2;0.22;3.50;88.4;30000;1
25/8-5_S;1850.00;472204.00;6589381.00;-1813.00;NORTH_SEA_GP;Tor Fm.;8.50;2.15;2.45;65.2;0.22;3.50;88.4;30000;1
25/8-5_S;1860.00;472204.40;6589381.60;-1822.80;NORTH_SEA_GP;Tor Fm.;8.50;2.15;2.45;65.2;0.22;3.50;88.4;30000;1
25/8-5_S;1870.00;472204.80;6589382.20;-1832.60;NORTH_SEA_GP;Tor Fm.;8.50;2.15;2.45;65.2;0.22;3.50;88.4;30000;1
25/8-5_S;1880.00;472205.20;6589382.80;-1842.40;NORTH_SEA_GP;Tor Fm.;8.50;2.15;2.45;65.2;0.22;3.50;88.4;30000;1
25/8-5_S;1890.00;472205.60;6589383.40;-1852.20;NORTH_SEA_GP;Tor Fm.;8.50;2.15;2.45;65.2;0.22;3.50;88.4;30000;1
25/8-5_S;1900.00;472206.00;6589384.00;-1862.00;NORTH_SEA_GP;Tor Fm.;8.50;2.15;2.45;65.2;0.22;3.50;88.4;30000;1
25/8-5_S;1910.00;472206.40;6589384.60;-1871.80;NORTH_SEA_GP;Tor Fm.;8.50;2.15;2.45;65.2;0.22;3.50;88.4;30000;1
25/8-5_S;1920.00;472206.80;6589385.20;-1881.60;NORTH_SEA_GP;Tor Fm.;8.50;2.15;2.45;65.2;0.22;3.50;88.4;30000;1
25/8-5_S;1930.00;472207.20;6589385.80;-1891.40;NORTH_SEA_GP;Tor Fm.;8.50;2.15;2.45;65.2;0.22;3.50;88.4;30000;1
25/8-5_S;1940.00;472207.60;6589386.40;-1901.20;NORTH_SEA_GP;Tor Fm.;8.50;2.15;2.45;65.2;0.22;3.50;88.4;30000;1
25/8-5_S;1950.00;472208.00;6589387.00;-1911.00;NORTH_SEA_GP;Tor Fm.;8.50;2.15;2.45;65.2;0.22;3.50;88.4;30000;1
25/8-5_S;1960.00;472208.40;6589387.60;-1920.80;NORTH_SEA_GP;Tor Fm.;8.50;2.15;2.45;65.2;0.22;3.50;88.4;30000;1
25/8-5_S;1970.00;472208.80;6589388.20;-1930.60;NORTH_SEA_GP;Tor Fm.;8.50;2.15;2.45;65.2;0.22;3.50;88.4;30000;1
25/8-5_S;1980.00;472209.20;6589388.80;-1940.40;NORTH_SEA_GP;Tor Fm.;8.50;2.15;2.45;65.2;0.22;3.50;88.4;30000;1
25/8-5_S;1990.00;472209.60;6589389.40;-1950.20;NORTH_SEA_GP;Tor Fm.;8.50;2.15;2.45;65.2;0.22;3.50;88.4;30000;1
25/8-5_S;2000.00;472210.00;6589390.00;-1960.00;NORTH_SEA_GP;Tor Fm.;8.50;2.15;2.45;65.2;0.22;3.50;88.4;30000;1
25/8-5_S;2010.00;472210.40;6589390.60;-1969.80;NORTH_SEA_GP;Tor Fm.;8.50;2.15;2.45;65.2;0.22;3.50;88.4;30000;1
25/8-5_S;2020.00;472210.80;6589391.20;-1979.60;NORTH_SEA_GP;Tor Fm.;8.50;2.15;2.45;65.2;0.22;3.50;88.4;30000;1
25/8-5_S;2030.00;472211.20;6589391.80;-1989.40;NORTH_SEA_GP;Tor Fm.;8.50;2.15;2.45;65.2;0.22;3.50;88.4;30000;1
25/8-5_S;2040.00;472211.60;6589392.40;-1999.20;NORTH_SEA_GP;Tor Fm.;8.50;2.15;2.45;65.2;0.22;3.50;88.4;30000;1
25/8-5_S;2050.00;472212.00;6589393.00;-2009.00;NORTH_SEA_GP;Tor Fm.;8.50;2.15;2.45;65.2;0.22;3.50;88.4;30000;1
25/8-5_S;2060.00;472212.40;6589393.60;-2018.80;NORTH_SEA_GP;Tor Fm.;8.50;2.15;2.45;65.2;0.22;3.50;88.4;30000;1
25/8-5_S;2070.00;472212.80;6589394.20;-2028.60;NORTH_SEA_GP;Tor Fm.;8.50;2.15;2.45;65.2;0.22;3.50;88.4;30000;1
25/8-5_S;2080.00;472213.20;6589394.80;-2038.40;NORTH_SEA_GP;Tor Fm.;8.50;2.15;2.45;65.2;0.22;3.50;88.4;30000;1
25/8-5_S;2090.00;472213.60;6589395.40;-2048.20;NORTH_SEA_GP;Tor Fm.;8.50;2.15;2.45;65.2;0.22;3.50;88.4;30000;1
25/8-5_S;2100.00;472214.00;6589396.00;-2058.00;NORTH_SEA_GP;Tor Fm.;8.50;2.15;2.45;65.2;0.22;3.50;88.4;30000;1
25/8-5_S;2110.00;472214.40;6589396.60;-2067.80;NORTH_SEA_GP;Tor Fm.;8.50;2.15;2.45;65.2;0.22;3.50;88.4;30000;1
25/8-5_S;2120.00;472214.80;6589397.20;-2077.60;NORTH_SEA_GP;Tor Fm.;8.50;2.15;2.45;65.2;0.22;3.50;88.4;30000;1
25/8-5_S;2130.00;472215.20;6589397.80;-2087.40;NORTH_SEA_GP;Tor Fm.;8.50;2.15;2.45;65.2;0.22;3.50;88.4;30000;1
25/8-5_S;2140.00;472215.60;6589398.40;-2097.20;NORTH_SEA_GP;Tor Fm.;8.50;2.15;2.45;65.2;0.22;3.50;88.4;30000;1
25/8-5_S;2150.00;472216.00;6589399.00;-2107.00;NORTH_SEA_GP;Tor Fm.;8.50;2.15;2.45;65.2;0.22;3.50;88.4;30000;1
25/8-5_S;2160.00;472216.40;6589399.60;-2116.80;NORTH_SEA_GP;Tor Fm.;8.50;2.15;2.45;65.2;0.22;3.50;88.4;30000;1
25/8-5_S;2170.00;472216.80;6589400.20;-2126.60;NORTH_SEA_GP;Tor Fm.;8.50;2.15;2.45;65.2;0.22;3.50;88.4;30000;1
25/8-5_S;2180.00;472217.20;6589400.80;-2136.40;NORTH_SEA_GP;Tor Fm.;8.50;2.15;2.45;65.2;0.22;3.50;88.4;30000;1
25/8-5_S;2190.00;472217.60;6589401.40;-2146.20;NORTH_SEA_GP;Tor Fm.;8.50;2.15;2.45;65.2;0.22;3.50;88.4;30000;1
25/8-5_S;2200.00;472218.00;6589402.00;-2156.00;NORTH_SEA_GP;Tor Fm.;8.50;2.15;2.45;65.2;0.22;3.50;88.4;30000;1
25/8-5_S;2210.00;472218.40;6589402.60;-2165.80;NORTH_SEA_GP;Tor Fm.;8.50;2.15;2.45;65.2;0.22;3.50;88.4;30000;1
25/8-5_S;2220.00;472218.80;6589403.20;-2175.60;NORTH_SEA_GP;Tor Fm.;8.50;2.15;2.45;65.2;0.22;3.50;88.4;30000;1
25/8-5_S;2230.00;472219.20;6589403.80;-2185.40;NORTH_SEA_GP;Tor Fm.;8.50;2.15;2.45;65.2;0.22;3.50;88.4;30000;1
25/8-5_S;2240.00;472219.60;6589404.40;-2195.20;NORTH_SEA_GP;Tor Fm.;8.50;2.15;2.45;65.2;0.22;3.50;88.4;30000;1
25/8-5_S;2250.00;472220.00;6589405.00;-2205.00;NORTH_SEA_GP;Tor Fm.;8.50;2.15;2.45;65.2;0.22;3.50;88.4;30000;1
25/8-5_S;2260.00;472220.40;6589405.60;-2214.80;NORTH_SEA_GP;Tor Fm.;8.50;2.15;2.45;65.2;0.22;3.50;88.4;30000;1
25/8-5_S;2270.00;472220.80;6589406.20;-2224.60;NORTH_SEA_GP;Tor Fm.;8.50;2.15;2.45;65.2;0.22;3.50;88.4;30000;1
25/8-5_S;2280.00;472221.20;6589406.80;-2234.40;NORTH_SEA_GP;Tor Fm.;8.50;2.15;2.45;65.2;0.22;3.50;88.4;30000;1
25/8-5_S;2290.00;472221.60;6589407.40;-2244.20;NORTH_SEA_GP;Tor Fm.;8.50;2.15;2.45;65.2;0.22;3.50;88.4;30000;1
25/8-5_S;2300.00;472222.00;6589408.00;-2254.00;NORTH_SEA_GP;Tor Fm.;8.50;2.15;2.45;65.2;0.22;3.50;88.4;30000;1
25/8-5_S;2310.00;472222.40;6589408.60;-2263.80;NORTH_SEA_GP;Tor Fm.;8.50;2.15;2.45;65.2;0.22;3.50;88.4;30000;1
25/8-5_S;2320.00;472222.80;6589409.20;-2273.60;NORTH_SEA_GP;Tor Fm.;8.50;2.15;2.45;65.2;0.22;3.50;88.4;30000;1
25/8-5_S;2330.00;472223.20;6589409.80;-2283.40;NORTH_SEA_GP;Tor Fm.;8.50;2.15;2.45;65.2;0.22;3.50;88.4;30000;1
25/8-5_S;2340.00;472223.60;6589410.40;-2293.20;NORTH_SEA_GP;Tor Fm.;8.50;2.15;2.45;65.2;0.22;3.50;88.4;30000;1
25/8-5_S;2350.00;472224.00;6589411.00;-2303.00;NORTH_SEA_GP;Tor Fm.;8.50;2.15;2.45;65.2;0.22;3.50;88.4;30000;1
25/8-5_S;2360.00;472224.40;6589411.60;-2312.80;NORTH_SEA_GP;Tor Fm.;8.50;2.15;2.45;65.2;0.22;3.50;88.4;30000;1
25/8-5_S;2370.00;472224.80;6589412.20;-2322.60;NORTH_SEA_GP;Tor Fm.;8.50;2.15;2.45;65.2;0.22;3.50;88.4;30000;1
25/8-5_S;2380.00;472225.20;6589412.80;-2332.40;NORTH_SEA_GP;Tor Fm.;8.50;2.15;2.45;65.2;0.22;3.50;88.4;30000;1
25/8-5_S;2390.00;472225.60;6589413.40;-2342.20;NORTH_SEA_GP;Tor Fm.;8.50;2.15;2.45;65.2;0.22;3.50;88.4;30000;1
25/8-5_S;2400.00;472226.00;6589414.00;-2352.00;NORTH_SEA_GP;Tor Fm.;8.50;2.15;2.45;65.2;0.22;3.50;88.4;30000;1
25/8-5_S;2410.00;472226.40;6589414.60;-2361.80;NORTH_SEA_GP;Tor Fm.;8.50;2.15;2.45;65.2;0.22;3.50;88.4;30000;1
25/8-5_S;2420.00;472226.80;6589415.20;-2371.60;NORTH_SEA_GP;Tor Fm.;8.50;2.15;2.45;65.2;0.22;3.50;88.4;30000;1
25/8-5_S;2430.00;472227.20;6589415.80;-2381.40;NORTH_SEA_GP;Tor Fm.;8.50;2.15;2.45;65.2;0.22;3.50;88.4;30000;1
25/8-5_S;2440.00;472227.60;6589416.40;-2391.20;NORTH_SEA_GP;Tor Fm.;8.50;2.15;2.45;65.2;0.22;3.50;88.4;30000;1
25/8-5_S;2450.00;472228.00;6589417.00;-2401.00;NORTH_SEA_GP;Tor Fm.;8.50;2.15;2.45;65.2;0.22;3.50;88.4;30000;1
25/8-5_S;2460.00;472228.40;6589417.60;-2410.80;NORTH_SEA_GP;Tor Fm.;8.50;2.15;2.45;65.2;0.22;3.50;88.4;30000;1
25/8-5_S;2470.00;472228.80;6589418.20;-2420.60;NORTH_SEA_GP;Ekofisk Fm.;8.50;2.15;2.45;65.2;0.22;3.50;88.4;30000;1
25/8-5_S;2480.00;472229.20;6589418.80;-2430.40;NORTH_SEA_GP;Ekofisk Fm.;8.50;2.15;2.45;65.2;0.22;3.50;88.4;30000;1
25/8-5_S;2490.00;472229.60;6589419.40;-2440.20;NORTH_SEA_GP;Ekofisk Fm.;8.50;2.15;2.45;65.2;0.22;3.50;88.4;30000;1
25/8-5_S;2500.00;472230.00;6589420.00;-2450.00;NORTH_SEA_GP;Ekofisk Fm.;8.50;2.15;2.45;65.2;0.22;3.50;88.4;30000;1
25/8-5_S;2510.00;472230.40;6589420.60;-2459.80;NORTH_SEA_GP;Ekofisk Fm.;8.50;2.15;2.45;65.2;0.22;3.50;88.4;30000;1
25/8-5_S;2520.00;472230.80;6589421.20;-2469.60;NORTH_SEA_GP;Ekofisk Fm.;8.50;2.15;2.45;65.2;0.22;3.50;88.4;30000;1
25/8-5_S;2530.00;472231.20;6589421.80;-2479.40;NORTH_SEA_GP;Ekofisk Fm.;8.50;2.15;2.45;65.2;0.22;3.50;88.4;30000;1
25/8-5_S;2540.00;472231.60;6589422.40;-2489.20;NORTH_SEA_GP;Ekofisk Fm.;8.50;2.15;2.45;65.2;0.22;3.50;88.4;30000;1
25/8-5_S;2550.00;472232.00;6589423.00;-2499.00;NORTH_SEA_GP;Ekofisk Fm.;8.50;2.15;2.45;65.2;0.22;3.50;88.4;30000;1
25/8-5_S;2560.00;472232.40;6589423.60;-2508.80;NORTH_SEA_GP;Ekofisk Fm.;8.50;2.15;2.45;65.2;0.22;3.50;88.4;30000;1
25/8-5_S;2570.00;472232.80;6589424.20;-2518.60;NORTH_SEA_GP;Ekofisk Fm.;8.50;2.15;2.45;65.2;0.22;3.50;88.4;30000;1
25/8-5_S;2580.00;472233.20;6589424.80;-2528.40;NORTH_SEA_GP;Ekofisk Fm.;8.50;2.15;2.45;65.2;0.22;3.50;88.4;30000;1
25/8-5_S;2590.00;472233.60;6589425.40;-2538.20;NORTH_SEA_GP;Ekofisk Fm.;8.50;2.15;2.45;65.2;0.22;3.50;88.4;30000;1
25/8-5_S;2600.00;472234.00;6589426.00;-2548.00;NORTH_SEA_GP;Ekofisk Fm.;8.50;2.15;2.45;65.2;0.22;3.50;88.4;30000;1
25/8-5_S;2610.00;472234.40;6589426.60;-2557.80;NORTH_SEA_GP;Ekofisk Fm.;8.50;2.15;2.45;65.2;0.22;3.50;88.4;30000;1
25/8-5_S;2620.00;472234.80;6589427.20;-2567.60;NORTH_SEA_GP;Ekofisk Fm.;8.50;2.15;2.45;65.2;0.22;3.50;88.4;30000;1
25/8-5_S;2630.00;472235.20;6589427.80;-2577.40;NORTH_SEA_GP;Ekofisk Fm.;8.50;2.15;2.45;65.2;0.22;3.50;88.4;30000;1
25/8-5_S;2640.00;472235.60;6589428.40;-2587.20;NORTH_SEA_GP;Ekofisk Fm.;8.50;2.15;2.45;65.2;0.22;3.50;88.4;30000;1
25/8-5_S;2650.00;472236.00;6589429.00;-2597.00;NORTH_SEA_GP;Ekofisk Fm.;8.50;2.15;2.45;65.2;0.22;3.50;88.4;30000;1
25/8-5_S;2660.00;472236.40;6589429.60;-2606.80;NORTH_SEA_GP;Ekofisk Fm.;8.50;2.15;2.45;65.2;0.22;3.50;88.4;30000;1
25/8-5_S;2670.00;472236.80;6589430.20;-2616.60;NORTH_SEA_GP;Ekofisk Fm.;8.50;2.15;2.45;65.2;0.22;3.50;88.4;30000;1
25/8-5_S;2680.00;472237.20;6589430.80;-2626.40;NORTH_SEA_GP;Ekofisk Fm.;8.50;2.15;2.45;65.2;0.22;3.50;88.4;30000;1
25/8-5_S;2690.00;472237.60;6589431.40;-2636.20;NORTH_SEA_GP;Ekofisk Fm.;8.50;2.15;2.45;65.2;0.22;3.50;88.4;30000;1
25/8-5_S;2700.00;472238.00;6589432.00;-2646.00;NORTH_SEA_GP;Ekofisk Fm.;8.50;2.15;2.45;65.2;0.22;3.50;88.4;30000;1
25/8-5_S;2710.00;472238.40;6589432.60;-2655.80;NORTH_SEA_GP;Ekofisk Fm.;8.50;2.15;2.45;65.2;0.22;3.50;88.4;30000;1
25/8-5_S;2720.00;472238.80;6589433.20;-2665.60;NORTH_SEA_GP;Ekofisk Fm.;8.50;2.15;2.45;65.2;0.22;3.50;88.4;30000;1
25/8-5_S;2730.00;472239.20;6589433.80;-2675.40;NORTH_SEA_GP;Ekofisk Fm.;8.50;2.15;2.45;65.2;0.22;3.50;88.4;30000;1
25/8-5_S;2740.00;472239.60;6589434.40;-2685.20;NORTH_SEA_GP;Ekofisk Fm.;8.50;2.15;2.45;65.2;0.22;3.50;88.4;30000;1
25/8-5_S;2750.00;472240.00;6589435.00;-2695.00;NORTH_SEA_GP;Ekofisk Fm.;8.50;2.15;2.45;65.2;0.22;3.50;88.4;30000;1
25/8-5_S;2760.00;472240.40;6589435.60;-2704.80;NORTH_SEA_GP;Ekofisk Fm.;8.50;2.15;2.45;65.2;0.22;3.50;88.4;30000;1
25/8-5_S;2770.00;472240.80;6589436.20;-2714.60;NORTH_SEA_GP;Ekofisk Fm.;8.50;2.15;2.45;65.2;0.22;3.50;88.4;30000;1
25/8-5_S;2780.00;472241.20;6589436.80;-2724.40;NORTH_SEA_GP;Ekofisk Fm.;8.50;2.15;2.45;65.2;0.22;3.50;88.4;30000;1
25/8-5_S;2790.00;472241.60;6589437.40;-2734.20;NORTH_SEA_GP;Ekofisk Fm.;8.50;2.15;2.45;65.2;0.22;3.50;88.4;30000;1
25/8-5_S;2800.00;472242.00;6589438.00;-2744.00;NORTH_SEA_GP;Ekofisk Fm.;8.50;2.15;2.45;65.2;0.22;3.50;88.4;30000;1
25/8-5_S;2810.00;472242.40;6589438.60;-2753.80;NORTH_SEA_GP;Ekofisk Fm.;8.50;2.15;2.45;65.2;0.22;3.50;88.4;30000;1
25/8-5_S;2820.00;472242.80;6589439.20;-2763.60;NORTH_SEA_GP;Ekofisk Fm.;8.50;2.15;2.45;65.2;0.22;3.50;88.4;30000;1
25/8-5_S;2830.00;472243.20;6589439.80;-2773.40;NORTH_SEA_GP;Ekofisk Fm.;8.50;2.15;2.45;65.2;0.22;3.50;88.4;30000;1
25/8-5_S;2840.00;472243.60;6589440.40;-2783.20;NORTH_SEA_GP;Ekofisk Fm.;8.50;2.15;2.45;65.2;0.22;3.50;88.4;30000;1
25/8-5_S;2850.00;472244.00;6589441.00;-2793.00;NORTH_SEA_GP;Ekofisk Fm.;8.50;2.15;2.45;65.2;0.22;3.50;88.4;30000;1
25/8-5_S;2860.00;472244.40;6589441.60;-2802.80;NORTH_SEA_GP;Ekofisk Fm.;8.50;2.15;2.45;65.2;0.22;3.50;88.4;30000;1
25/8-5_S;2870.00;472244.80;6589442.20;-2812.60;NORTH_SEA_GP;Ekofisk Fm.;8.50;2.15;2.45;65.2;0.22;3.50;88.4;30000;1
25/8-5_S;2880.00;472245.20;6589442.80;-2822.40;NORTH_SEA_GP;Ekofisk Fm.;8.50;2.15;2.45;65.2;0.22;3.50;88.4;30000;1
25/8-5_S;2890.00;472245.60;6589443.40;-2832.20;NORTH_SEA_GP;Ekofisk Fm.;8.50;2.15;2.45;65.2;0.22;3.50;88.4;30000;1
25/8-5_S;2900.00;472246.00;6589444.00;-2842.00;NORTH_SEA_GP;Ekofisk Fm.;8.50;2.15;2.45;65.2;0.22;3.50;88.4;30000;1
25/8-5_S;2910.00;472246.40;6589444.60;-2851.80;NORTH_SEA_GP;Ekofisk Fm.;8.50;2.15;2.45;65.2;0.22;3.50;88.4;30000;1
25/8-5_S;2920.00;472246.80;6589445.20;-2861.60;NORTH_SEA_GP;Ekofisk Fm.;8.50;2.15;2.45;65.2;0.22;3.50;88.4;30000;1
25/8-5_S;2930.00;472247.20;6589445.80;-2871.40;NORTH_SEA_GP;Ekofisk Fm.;8.50;2.15;2.45;65.2;0.22;3.50;88.4;30000;1
25/8-5_S;2940.00;472247.60;6589446.40;-2881.20;NORTH_SEA_GP;Ekofisk Fm.;8.50;2.15;2.45;65.2;0.22;3.50;88.4;30000;1
25/8-5_S;2950.00;472248.00;6589447.00;-2891.00;NORTH_SEA_GP;Ekofisk Fm.;8.50;2.15;2.45;65.2;0.22;3.50;88.4;30000;1
25/8-5_S;2960.00;472248.40;6589447.60;-2900.80;NORTH_SEA_GP;Ekofisk Fm.;8.50;2.15;2.45;65.2;0.22;3.50;88.4;30000;1
25/8-5_S;2970.00;472248.80;6589448.20;-2910.60;NORTH_SEA_GP;Ekofisk Fm.;8.50;2.15;2.45;65.2;0.22;3.50;88.4;30000;1
25/8-5_S;2980.00;472249.20;6589448.80;-2920.40;NORTH_SEA_GP;Ekofisk Fm.;8.50;2.15;2.45;65.2;0.22;3.50;88.4;30000;1
25/8-5_S;2990.00;472249.60;6589449.40;-2930.20;NORTH_SEA_GP;Ekofisk Fm.;8.50;2.15;2.45;65.2;0.22;3.50;88.4;30000;1
25/8-5_S;3000.00;472250.00;6589450.00;-2940.00;NORTH_SEA_GP;Ekofisk Fm.;8.50;2.15;2.45;65.2;0.22;3.50;88.4;30000;1
25/8-5_S;3010.00;472250.40;6589450.60;-2949.80;NORTH_SEA_GP;Ekofisk Fm.;8.50;2.15;2.45;65.2;0.22;3.50;88.4;30000;1
25/8-5_S;3020.00;472250.80;6589451.20;-2959.60;NORTH_SEA_GP;Ekofisk Fm.;8.50;2.15;2.45;65.2;0.22;3.50;88.4;30000;1
25/8-5_S;3030.00;472251.20;6589451.80;-2969.40;NORTH_SEA_GP;Ekofisk Fm.;8.50;2.15;2.45;65.2;0.22;3.50;88.4;30000;1
25/8-5_S;3040.00;472251.60;6589452.40;-2979.20;NORTH_SEA_GP;Ekofisk Fm.;8.50;2.15;2.45;65.2;0.22;3.50;88.4;30000;1
25/8-5_S;3050.00;472252.00;6589453.00;-2989.00;NORTH_SEA_GP;Ekofisk Fm.;8.50;2.15;2.45;65.2;0.22;3.50;88.4;30000;1
25/8-5_S;3060.00;472252.40;6589453.60;-2998.80;NORTH_SEA_GP;Ekofisk Fm.;8.50;2.15;2.45;65.2;0.22;3.50;88.4;30000;1
25/8-5_S;3070.00;472252.80;6589454.20;-3008.60;NORTH_SEA_GP;Ekofisk Fm.;8.50;2.15;2.45;65.2;0.22;3.50;88.4;30000;1
25/8-5_S;3080.00;472253.20;6589454.80;-3018.40;NORTH_SEA_GP;Ekofisk Fm.;8.50;2.15;2.45;65.2;0.22;3.50;88.4;30000;1
25/8-5_S;3090.00;472253.60;6589455.40;-3028.20;NORTH_SEA_GP;Ekofisk Fm.;8.50;2.15;2.45;65.2;0.22;3.50;88.4;30000;1
25/8-5_S;3100.00;472254.00;6589456.00;-3038.00;NORTH_SEA_GP;Ekofisk Fm.;8.50;2.15;2.45;65.2;0.22;3.50;88.4;30000;1
25/8-5_S;3110.00;472254.40;6589456.60;-3047.80;NORTH_SEA_GP;Ekofisk Fm.;8.50;2.15;2.45;65.2;0.22;3.50;88.4;30000;1
25/8-5_S;3120.00;472254.80;6589457.20;-3057.60;NORTH_SEA_GP;Ekofisk Fm.;8.50;2.15;2.45;65.2;0.22;3.50;88.4;30000;1
31/2-1;500.00;521400.00;6710200.00;-490.00;NORTH_SEA_GP;Nordland Gp.;8.50;2.15;2.45;65.2;0.22;3.50;88.4;30000;1
31/2-1;510.00;521400.40;6710200.60;-499.80;NORTH_SEA_GP;Nordland Gp.;8.50;2.15;2.45;65.2;0.22;3.50;88.4;30000;1
31/2-1;520.00;521400.80;6710201.20;-509.60;NORTH_SEA_GP;Nordland Gp.;8.50;2.15;2.45;65.2;0.22;3.50;88.4;30000;1
31/2-1;530.00;521401.20;6710201.80;-519.40;NORTH_SEA_GP;Nordland Gp.;8.50;2.15;2.45;65.2;0.22;3.50;88.4;30000;1
31/2-1;540.00;521401.60;6710202.40;-529.20;NORTH_SEA_GP;Nordland Gp.;8.50;2.15;2.45;65.2;0.22;3.50;88.4;30000;1
31/2-1;550.00;521402.00;6710203.00;-539.00;NORTH_SEA_GP;Nordland Gp.;8.50;2.15;2.45;65.2;0.22;3.50;88.4;30000;1
31/2-1;560.00;521402.40;6710203.60;-548.80;NORTH_SEA_GP;Nordland Gp.;8.50;2.15;2.45;65.2;0.22;3.50;88.4;30000;1
31/2-1;570.00;521402.80;6710204.20;-558.60;NORTH_SEA_GP;Nordland Gp.;8.50;2.15;2.45;65.2;0.22;3.50;88.4;30000;1
31/2-1;580.00;521403.20;6710204.80;-568.40;NORTH_SEA_GP;Nordland Gp.;8.50;2.15;2.45;65.2;0.22;3.50;88.4;30000;1
31/2-1;590.00;521403.60;6710205.40;-578.20;NORTH_SEA_GP;Nordland Gp.;8.50;2.15;2.45;65.2;0.22;3.50;88.4;30000;1
31/2-1;600.00;521404.00;6710206.00;-588.00;NORTH_SEA_GP;Nordland Gp.;8.50;2.15;2.45;65.2;0.22;3.50;88.4;30000;1
31/2-1;610.00;521404.40;6710206.60;-597.80;NORTH_SEA_GP;Nordland Gp.;8.50;2.15;2.45;65.2;0.22;3.50;88.4;30000;1
31/2-1;620.00;521404.80;6710207.20;-607.60;NORTH_SEA_GP;Nordland Gp.;8.50;2.15;2.45;65.2;0.22;3.50;88.4;30000;1
31/2-1;630.00;521405.20;6710207.80;-617.40;NORTH_SEA_GP;Nordland Gp.;8.50;2.15;2.45;65.2;0.22;3.50;88.4;30000;1
31/2-1;640.00;521405.60;6710208.40;-627.20;NORTH_SEA_GP;Nordland Gp.;8.50;2.15;2.45;65.2;0.22;3.50;88.4;30000;1
31/2-1;650.00;521406.00;6710209.00;-637.00;NORTH_SEA_GP;Nordland Gp.;8.50;2.15;2.45;65.2;0.22;3.50;88.4;30000;1
31/2-1;660.00;521406.40;6710209.60;-646.80;NORTH_SEA_GP;Nordland Gp.;8.50;2.15;2.45;65.2;0.22;3.50;88.4;30000;1
31/2-1;670.00;521406.80;6710210.20;-656.60;NORTH_SEA_GP;Nordland Gp.;8.50;2.15;2.45;65.2;0.22;3.50;88.4;30000;1
31/2-1;680.00;521407.20;6710210.80;-666.40;NORTH_SEA_GP;Nordland Gp.;8.50;2.15;2.45;65.2;0.22;3.50;88.4;30000;1
31/2-1;690.00;521407.60;6710211.40;-676.20;NORTH_SEA_GP;Nordland Gp.;8.50;2.15;2.45;65.2;0.22;3.50;88.4;30000;1
31/2-1;700.00;521408.00;6710212.00;-686.00;NORTH_SEA_GP;Nordland Gp.;8.50;2.15;2.45;65.2;0.22;3.50;88.4;30000;1
31/2-1;710.00;521408.40;6710212.60;-695.80;NORTH_SEA_GP;Nordland Gp.;8.50;2.15;2.45;65.2;0.22;3.50;88.4;30000;1
31/2-1;720.00;521408.80;6710213.20;-705.60;NORTH_SEA_GP;Nordland Gp.;8.50;2.15;2.45;65.2;0.22;3.50;88.4;30000;1
31/2-1;730.00;521409.20;6710213.80;-715.40;NORTH_SEA_GP;Nordland Gp.;8.50;2.15;2.45;65.2;0.22;3.50;88.4;30000;1
31/2-1;740.00;521409.60;6710214.40;-725.20;NORTH_SEA_GP;Nordland Gp.;8.50;2.15;2.45;65.2;0.22;3.50;88.4;30000;1
31/2-1;750.00;521410.00;6710215.00;-735.00;NORTH_SEA_GP;Nordland Gp.;8.50;2.15;2.45;65.2;0.22;3.50;88.4;30000;1
31/2-1;760.00;521410.40;6710215.60;-744.80;NORTH_SEA_GP;Nordland Gp.;8.50;2.15;2.45;65.2;0.22;3.50;88.4;30000;1
31/2-1;770.00;521410.80;6710216.20;-754.60;NORTH_SEA_GP;Nordland Gp.;8.50;2.15;2.45;65.2;0.22;3.50;88.4;30000;1
31/2-1;780.00;521411.20;6710216.80;-764.40;NORTH_SEA_GP;Nordland Gp.;8.50;2.15;2.45;65.2;0.22;3.50;88.4;30000;1
31/2-1;790.00;521411.60;6710217.40;-774.20;NORTH_SEA_GP;Nordland Gp.;8.50;2.15;2.45;65.2;0.22;3.50;88.4;30000;1
31/2-1;800.00;521412.00;6710218.00;-784.00;NORTH_SEA_GP;Nordland Gp.;8.50;2.15;2.45;65.2;0.22;3.50;88.4;30000;1
31/2-1;810.00;521412.40;6710218.60;-793.80;NORTH_SEA_GP;Nordland Gp.;8.50;2.15;2.45;65.2;0.22;3.50;88.4;30000;1
31/2-1;820.00;521412.80;6710219.20;-803.60;NORTH_SEA_GP;Nordland Gp.;8.50;2.15;2.45;65.2;0.22;3.50;88.4;30000;1
31/2-1;830.00;521413.20;6710219.80;-813.40;NORTH_SEA_GP;Nordland Gp.;8.50;2.15;2.45;65.2;0.22;3.50;88.4;30000;1
31/2-1;840.00;521413.60;6710220.40;-823.20;NORTH_SEA_GP;Nordland Gp.;8.50;2.15;2.45;65.2;0.22;3.50;88.4;30000;1
31/2-1;850.00;521414.00;6710221.00;-833.00;NORTH_SEA_GP;Nordland Gp.;8.50;2.15;2.45;65.2;0.22;3.50;88.4;30000;1
31/2-1;860.00;521414.40;6710221.60;-842.80;NORTH_SEA_GP;Nordland Gp.;8.50;2.15;2.45;65.2;0.22;3.50;88.4;30000;1
31/2-1;870.00;521414.80;6710222.20;-852.60;NORTH_SEA_GP;Nordland Gp.;8.50;2.15;2.45;65.2;0.22;3.50;88.4;30000;1
31/2-1;880.00;521415.20;6710222.80;-862.40;NORTH_SEA_GP;Nordland Gp.;8.50;2.15;2.45;65.2;0.22;3.50;88.4;30000;1
31/2-1;890.00;521415.60;6710223.40;-872.20;NORTH_SEA_GP;Nordland Gp.;8.50;2.15;2.45;65.2;0.22;3.50;88.4;30000;1
31/2-1;900.00;521416.00;6710224.00;-882.00;NORTH_SEA_GP;Nordland Gp.;8.50;2.15;2.45;65.2;0.22;3.50;88.4;30000;1
31/2-1;910.00;521416.40;6710224.60;-891.80;NORTH_SEA_GP;Nordland Gp.;8.50;2.15;2.45;65.2;0.22;3.50;88.4;30000;1
31/2-1;920.00;521416.80;6710225.20;-901.60;NORTH_SEA_GP;Nordland Gp.;8.50;2.15;2.45;65.2;0.22;3.50;88.4;30000;1
31/2-1;930.00;521417.20;6710225.80;-911.40;NORTH_SEA_GP;Nordland Gp.;8.50;2.15;2.45;65.2;0.22;3.50;88.4;30000;1
31/2-1;940.00;521417.60;6710226.40;-921.20;NORTH_SEA_GP;Nordland Gp.;8.50;2.15;2.45;65.2;0.22;3.50;88.4;30000;1
31/2-1;950.00;521418.00;6710227.00;-931.00;NORTH_SEA_GP;Nordland Gp.;8.50;2.15;2.45;65.2;0.22;3.50;88.4;30000;1
31/2-1;960.00;521418.40;6710227.60;-940.80;NORTH_SEA_GP;Nordland Gp.;8.50;2.15;2.45;65.2;0.22;3.50;88.4;30000;1
31/2-1;970.00;521418.80;6710228.20;-950.60;NORTH_SEA_GP;Nordland Gp.;8.50;2.15;2.45;65.2;0.22;3.50;88.4;30000;1
31/2-1;980.00;521419.20;6710228.80;-960.40;NORTH_SEA_GP;Nordland Gp.;8.50;2.15;2.45;65.2;0.22;3.50;88.4;30000;1
31/2-1;990.00;521419.60;6710229.40;-970.20;NORTH_SEA_GP;Nordland Gp.;8.50;2.15;2.45;65.2;0.22;3.50;88.4;30000;1
31/2-1;1000.00;521420.00;6710230.00;-980.00;NORTH_SEA_GP;Nordland Gp.;8.50;2.15;2.45;65.2;0.22;3.50;88.4;30000;1
31/2-1;1010.00;521420.40;6710230.60;-989.80;NORTH_SEA_GP;Nordland Gp.;8.50;2.15;2.45;65.2;0.22;3.50;88.4;30000;1
31/2-1;1020.00;521420.80;6710231.20;-999.60;NORTH_SEA_GP;Nordland Gp.;8.50;2.15;2.45;65.2;0.22;3.50;88.4;30000;1
31/2-1;1030.00;521421.20;6710231.80;-1009.40;NORTH_SEA_GP;Nordland Gp.;8.50;2.15;2.45;65.2;0.22;3.50;88.4;30000;1
31/2-1;1040.00;521421.60;6710232.40;-1019.20;NORTH_SEA_GP;Nordland Gp.;8.50;2.15;2.45;65.2;0.22;3.50;88.4;30000;1
31/2-1;1050.00;521422.00;6710233.00;-1029.00;NORTH_SEA_GP;Nordland Gp.;8.50;2.15;2.45;65.2;0.22;3.50;88.4;30000;1
31/2-1;1060.00;521422.40;6710233.60;-1038.80;NORTH_SEA_GP;Nordland Gp.;8.50;2.15;2.45;65.2;0.22;3.50;88.4;30000;1
31/2-1;1070.00;521422.80;6710234.20;-1048.60;NORTH_SEA_GP;Nordland Gp.;8.50;2.15;2.45;65.2;0.22;3.50;88.4;30000;1
31/2-1;1080.00;521423.20;6710234.80;-1058.40;NORTH_SEA_GP;Nordland Gp.;8.50;2.15;2.45;65.2;0.22;3.50;88.4;30000;1
31/2-1;1090.00;521423.60;6710235.40;-1068.20;NORTH_SEA_GP;Nordland Gp.;8.50;2.15;2.45;65.2;0.22;3.50;88.4;30000;1
31/2-1;1100.00;521424.00;6710236.00;-1078.00;NORTH_SEA_GP;Nordland Gp.;8.50;2.15;2.45;65.2;0.22;3.50;88.4;30000;1
31/2-1;1110.00;521424.40;6710236.60;-1087.80;NORTH_SEA_GP;Nordland Gp.;8.50;2.15;2.45;65.2;0.22;3.50;88.4;30000;1
31/2-1;1120.00;521424.80;6710237.20;-1097.60;NORTH_SEA_GP;Nordland Gp.;8.50;2.15;2.45;65.2;0.22;3.50;88.4;30000;1
31/2-1;1130.00;521425.20;6710237.80;-1107.40;NORTH_SEA_GP;Nordland Gp.;8.50;2.15;2.45;65.2;0.22;3.50;88.4;30000;1
31/2-1;1140.00;521425.60;6710238.40;-1117.20;NORTH_SEA_GP;Nordland Gp.;8.50;2.15;2.45;65.2;0.22;3.50;88.4;30000;1
31/2-1;1150.00;521426.00;6710239.00;-1127.00;NORTH_SEA_GP;Nordland Gp.;8.50;2.15;2.45;65.2;0.22;3.50;88.4;30000;1
31/2-1;1160.00;521426.40;6710239.60;-1136.80;NORTH_SEA_GP;Nordland Gp.;8.50;2.15;2.45;65.2;0.22;3.50;88.4;30000;1
31/2-1;1170.00;521426.80;6710240.20;-1146.60;NORTH_SEA_GP;Nordland Gp.;8.50;2.15;2.45;65.2;0.22;3.50;88.4;30000;1
31/2-1;1180.00;521427.20;6710240.80;-1156.40;NORTH_SEA_GP;Nordland Gp.;8.50;2.15;2.45;65.2;0.22;3.50;88.4;30000;1
31/2-1;1190.00;521427.60;6710241.40;-1166.20;NORTH_SEA_GP;Nordland Gp.;8.50;2.15;2.45;65.2;0.22;3.50;88.4;30000;1
31/2-1;1200.00;521428.00;6710242.00;-1176.00;NORTH_SEA_GP;Nordland Gp.;8.50;2.15;2.45;65.2;0.22;3.50;88.4;30000;1
31/2-1;1210.00;521428.40;6710242.60;-1185.80;NORTH_SEA_GP;Nordland Gp.;8.50;2.15;2.45;65.2;0.22;3.50;88.4;30000;1
31/2-1;1220.00;521428.80;6710243.20;-1195.60;NORTH_SEA_GP;Nordland Gp.;8.50;2.15;2.45;65.2;0.22;3.50;88.4;30000;1
31/2-1;1230.00;521429.20;6710243.80;-1205.40;NORTH_SEA_GP;Nordland Gp.;8.50;2.15;2.45;65.2;0.22;3.50;88.4;30000;1
31/2-1;1240.00;521429.60;6710244.40;-1215.20;NORTH_SEA_GP;Nordland Gp.;8.50;2.15;2.45;65.2;0.22;3.50;88.4;30000;1
31/2-1;1250.00;521430.00;6710245.00;-1225.00;NORTH_SEA_GP;Nordland Gp.;8.50;2.15;2.45;65.2;0.22;3.50;88.4;30000;1
31/2-1;1260.00;521430.40;6710245.60;-1234.80;NORTH_SEA_GP;Nordland Gp.;8.50;2.15;2.45;65.2;0.22;3.50;88.4;30000;1
31/2-1;1270.00;521430.80;6710246.20;-1244.60;NORTH_SEA_GP;Nordland Gp.;8.50;2.15;2.45;65.2;0.22;3.50;88.4;30000;1
31/2-1;1280.00;521431.20;6710246.80;-1254.40;NORTH_SEA_GP;Nordland Gp.;8.50;2.15;2.45;65.2;0.22;3.50;88.4;30000;1
31/2-1;1290.00;521431.60;6710247.40;-1264.20;NORTH_SEA_GP;Hordaland Gp.;8.50;2.15;2.45;65.2;0.22;3.50;88.4;30000;1
31/2-1;1300.00;521432.00;6710248.00;-1274.00;NORTH_SEA_GP;Hordaland Gp.;8.50;2.15;2.45;65.2;0.22;3.50;88.4;30000;1
31/2-1;1310.00;521432.40;6710248.60;-1283.80;NORTH_SEA_GP;Hordaland Gp.;8.50;2.15;2.45;65.2;0.22;3.50;88.4;30000;1
31/2-1;1320.00;521432.80;6710249.20;-1293.60;NORTH_SEA_GP;Hordaland Gp.;8.50;2.15;2.45;65.2;0.22;3.50;88.4;30000;1
31/2-1;1330.00;521433.20;6710249.80;-1303.40;NORTH_SEA_GP;Hordaland Gp.;8.50;2.15;2.45;65.2;0.22;3.50;88.4;30000;1
31/2-1;1340.00;521433.60;6710250.40;-1313.20;NORTH_SEA_GP;Hordaland Gp.;8.50;2.15;2.45;65.2;0.22;3.50;88.4;30000;1
31/2-1;1350.00;521434.00;6710251.00;-1323.00;NORTH_SEA_GP;Hordaland Gp.;8.50;2.15;2.45;65.2;0.22;3.50;88.4;30000;1
31/2-1;1360.00;521434.40;6710251.60;-1332.80;NORTH_SEA_GP;Hordaland Gp.;8.50;2.15;2.45;65.2;0.22;3.50;88.4;30000;1
31/2-1;1370.00;521434.80;6710252.20;-1342.60;NORTH_SEA_GP;Hordaland Gp.;8.50;2.15;2.45;65.2;0.22;3.50;88.4;30000;1
31/2-1;1380.00;521435.20;6710252.80;-1352.40;NORTH_SEA_GP;Hordaland Gp.;8.50;2.15;2.45;65.2;0.22;3.50;88.4;30000;1
31/2-1;1390.00;521435.60;6710253.40;-1362.20;NORTH_SEA_GP;Hordaland Gp.;8.50;2.15;2.45;65.2;0.22;3.50;88.4;30000;1
31/2-1;1400.00;521436.00;6710254.00;-1372.00;NORTH_SEA_GP;Hordaland Gp.;8.50;2.15;2.45;65.2;0.22;3.50;88.4;30000;1
31/2-1;1410.00;521436.40;6710254.60;-1381.80;NORTH_SEA_GP;Hordaland Gp.;8.50;2.15;2.45;65.2;0.22;3.50;88.4;30000;1
31/2-1;1420.00;521436.80;6710255.20;-1391.60;NORTH_SEA_GP;Hordaland Gp.;8.50;2.15;2.45;65.2;0.22;3.50;88.4;30000;1
31/2-1;1430.00;521437.20;6710255.80;-1401.40;NORTH_SEA_GP;Hordaland Gp.;8.50;2.15;2.45;65.2;0.22;3.50;88.4;30000;1
31/2-1;1440.00;521437.60;6710256.40;-1411.20;NORTH_SEA_GP;Hordaland Gp.;8.50;2.15;2.45;65.2;0.22;3.50;88.4;30000;1
31/2-1;1450.00;521438.00;6710257.00;-1421.00;NORTH_SEA_GP;Hordaland Gp.;8.50;2.15;2.45;65.2;0.22;3.50;88.4;30000;1
31/2-1;1460.00;521438.40;6710257.60;-1430.80;NORTH_SEA_GP;Hordaland Gp.;8.50;2.15;2.45;65.2;0.22;3.50;88.4;30000;1
31/2-1;1470.00;521438.80;6710258.20;-1440.60;NORTH_SEA_GP;Hordaland Gp.;8.50;2.15;2.45;65.2;0.22;3.50;88.4;30000;1
31/2-1;1480.00;521439.20;6710258.80;-1450.40;NORTH_SEA_GP;Hordaland Gp.;8.50;2.15;2.45;65.2;0.22;3.50;88.4;30000;1
31/2-1;1490.00;521439.60;6710259.40;-1460.20;NORTH_SEA_GP;Hordaland Gp.;8.50;2.15;2.45;65.2;0.22;3.50;88.4;30000;1
31/2-1;1500.00;521440.00;6710260.00;-1470.00;NORTH_SEA_GP;Hordaland Gp.;8.50;2.15;2.45;65.2;0.22;3.50;88.4;30000;1
31/2-1;1510.00;521440.40;6710260.60;-1479.80;NORTH_SEA_GP;Hordaland Gp.;8.50;2.15;2.45;65.2;0.22;3.50;88.4;30000;1
31/2-1;1520.00;521440.80;6710261.20;-1489.60;NORTH_SEA_GP;Hordaland Gp.;8.50;2.15;2.45;65.2;0.22;3.50;88.4;30000;1
31/2-1;1530.00;521441.20;6710261.80;-1499.40;NORTH_SEA_GP;Hordaland Gp.;8.50;2.15;2.45;65.2;0.22;3.50;88.4;30000;1
31/2-1;1540.00;521441.60;6710262.40;-1509.20;NORTH_SEA_GP;Hordaland Gp.;8.50;2.15;2.45;65.2;0.22;3.50;88.4;30000;1
31/2-1;1550.00;521442.00;6710263.00;-1519.00;NORTH_SEA_GP;Hordaland Gp.;8.50;2.15;2.45;65.2;0.22;3.50;88.4;30000;1
31/2-1;1560.00;521442.40;6710263.60;-1528.80;NORTH_SEA_GP;Hordaland Gp.;8.50;2.15;2.45;65.2;0.22;3.50;88.4;30000;1
31/2-1;1570.00;521442.80;6710264.20;-1538.60;NORTH_SEA_GP;Hordaland Gp.;8.50;2.15;2.45;65.2;0.22;3.50;88.4;30000;1
31/2-1;1580.00;521443.20;6710264.80;-1548.40;NORTH_SEA_GP;Hordaland Gp.;8.50;2.15;2.45;65.2;0.22;3.50;88.4;30000;1
31/2-1;1590.00;521443.60;6710265.40;-1558.20;NORTH_SEA_GP;Hordaland Gp.;8.50;2.15;2.45;65.2;0.22;3.50;88.4;30000;1
31/2-1;1600.00;521444.00;6710266.00;-1568.00;NORTH_SEA_GP;Hordaland Gp.;8.50;2.15;2.45;65.2;0.22;3.50;88.4;30000;1
31/2-1;1610.00;521444.40;6710266.60;-1577.80;NORTH_SEA_GP;Hordaland Gp.;8.50;2.15;2.45;65.2;0.22;3.50;88.4;30000;1
31/2-1;1620.00;521444.80;6710267.20;-1587.60;NORTH_SEA_GP;Hordaland Gp.;8.50;2.15;2.45;65.2;0.22;3.50;88.4;30000;1
31/2-1;1630.00;521445.20;6710267.80;-1597.40;NORTH_SEA_GP;Hordaland Gp.;8.50;2.15;2.45;65.2;0.22;3.50;88.4;30000;1
31/2-1;1640.00;521445.60;6710268.40;-1607.20;NORTH_SEA_GP;Hordaland Gp.;8.50;2.15;2.45;65.2;0.22;3.50;88.4;30000;1
31/2-1;1650.00;521446.00;6710269.00;-1617.00;NORTH_SEA_GP;Hordaland Gp.;8.50;2.15;2.45;65.2;0.22;3.50;88.4;30000;1
31/2-1;1660.00;521446.40;6710269.60;-1626.80;NORTH_SEA_GP;Hordaland Gp.;8.50;2.15;2.45;65.2;0.22;3.50;88.4;30000;1
31/2-1;1670.00;521446.80;6710270.20;-1636.60;NORTH_SEA_GP;Hordaland Gp.;8.50;2.15;2.45;65.2;0.22;3.50;88.4;30000;1
31/2-1;1680.00;521447.20;6710270.80;-1646.40;NORTH_SEA_GP;Hordaland Gp.;8.50;2.15;2.45;65.2;0.22;3.50;88.4;30000;1
31/2-1;1690.00;521447.60;6710271.40;-1656.20;NORTH_SEA_GP;Hordaland Gp.;8.50;2.15;2.45;65.2;0.22;3.50;88.4;30000;1
31/2-1;1700.00;521448.00;6710272.00;-1666.00;NORTH_SEA_GP;Hordaland Gp.;8.50;2.15;2.45;65.2;0.22;3.50;88.4;30000;1
31/2-1;1710.00;521448.40;6710272.60;-1675.80;NORTH_SEA_GP;Hordaland Gp.;8.50;2.15;2.45;65.2;0.22;3.50;88.4;30000;1
31/2-1;1720.00;521448.80;6710273.20;-1685.60;NORTH_SEA_GP;Hordaland Gp.;8.50;2.15;2.45;65.2;0.22;3.50;88.4;30000;1
31/2-1;1730.00;521449.20;6710273.80;-1695.40;NORTH_SEA_GP;Hordaland Gp.;8.50;2.15;2.45;65.2;0.22;3.50;88.4;30000;1
31/2-1;1740.00;521449.60;6710274.40;-1705.20;NORTH_SEA_GP;Hordaland Gp.;8.50;2.15;2.45;65.2;0.22;3.50;88.4;30000;1
31/2-1;1750.00;521450.00;6710275.00;-1715.00;NORTH_SEA_GP;Hordaland Gp.;8.50;2.15;2.45;65.2;0.22;3.50;88.4;30000;1
31/2-1;1760.00;521450.40;6710275.60;-1724.80;NORTH_SEA_GP;Hordaland Gp.;8.50;2.15;2.45;65.2;0.22;3.50;88.4;30000;1
31/2-1;1770.00;521450.80;6710276.20;-1734.60;NORTH_SEA_GP;Hordaland Gp.;8.50;2.15;2.45;65.2;0.22;3.50;88.4;30000;1
31/2-1;1780.00;521451.20;6710276.80;-1744.40;NORTH_SEA_GP;Hordaland Gp.;8.50;2.15;2.45;65.2;0.22;3.50;88.4;30000;1
31/2-1;1790.00;521451.60;6710277.40;-1754.20;NORTH_SEA_GP;Hordaland Gp.;8.50;2.15;2.45;65.2;0.22;3.50;88.4;30000;1
31/2-1;1800.00;521452.00;6710278.00;-1764.00;NORTH_SEA_GP;Hordaland Gp.;8.50;2.15;2.45;65.2;0.22;3.50;88.4;30000;1
31/2-1;1810.00;521452.40;6710278.60;-1773.80;NORTH_SEA_GP;Hordaland Gp.;8.50;2.15;2.45;65.2;0.22;3.50;88.4;30000;1
31/2-1;1820.00;521452.80;6710279.20;-1783.60;NORTH_SEA_GP;Hordaland Gp.;8.50;2.15;2.45;65.2;0.22;3.50;88.4;30000;1
31/2-1;1830.00;521453.20;6710279.80;-1793.40;NORTH_SEA_GP;Hordaland Gp.;8.50;2.15;2.45;65.2;0.22;3.50;88.4;30000;1
31/2-1;1840.00;521453.60;6710280.40;-1803.20;NORTH_SEA_GP;Hordaland Gp.;8.50;2.15;2.45;65.2;0.22;3.50;88.4;30000;1
31/2-1;1850.00;521454.00;6710281.00;-1813.00;NORTH_SEA_GP;Hordaland Gp.;8.50;2.15;2.45;65.2;0.22;3.50;88.4;30000;1
31/2-1;1860.00;521454.40;6710281.60;-1822.80;NORTH_SEA_GP;Hordaland Gp.;8.50;2.15;2.45;65.2;0.22;3.50;88.4;30000;1
31/2-1;1870.00;521454.80;6710282.20;-1832.60;NORTH_SEA_GP;Hordaland Gp.;8.50;2.15;2.45;65.2;0.22;3.50;88.4;30000;1
31/2-1;1880.00;521455.20;6710282.80;-1842.40;NORTH_SEA_GP;Hordaland Gp.;8.50;2.15;2.45;65.2;0.22;3.50;88.4;30000;1
31/2-1;1890.00;521455.60;6710283.40;-1852.20;NORTH_SEA_GP;Hordaland Gp.;8.50;2.15;2.45;65.2;0.22;3.50;88.4;30000;1
31/2-1;1900.00;521456.00;6710284.00;-1862.00;NORTH_SEA_GP;Hordaland Gp.;8.50;2.15;2.45;65.2;0.22;3.50;88.4;30000;1
31/2-1;1910.00;521456.40;6710284.60;-1871.80;NORTH_SEA_GP;Hordaland Gp.;8.50;2.15;2.45;65.2;0.22;3.50;88.4;30000;1
31/2-1;1920.00;521456.80;6710285.20;-1881.60;NORTH_SEA_GP;Hordaland Gp.;8.50;2.15;2.45;65.2;0.22;3.50;88.4;30000;1
31/2-1;1930.00;521457.20;6710285.80;-1891.40;NORTH_SEA_GP;Hordaland Gp.;8.50;2.15;2.45;65.2;0.22;3.50;88.4;30000;1
31/2-1;1940.00;521457.60;6710286.40;-1901.20;NORTH_SEA_GP;Hordaland Gp.;8.50;2.15;2.45;65.2;0.22;3.50;88.4;30000;1
31/2-1;1950.00;521458.00;6710287.00;-1911.00;NORTH_SEA_GP;Hordaland Gp.;8.50;2.15;2.45;65.2;0.22;3.50;88.4;30000;1
31/2-1;1960.00;521458.40;6710287.60;-1920.80;NORTH_SEA_GP;Hordaland Gp.;8.50;2.15;2.45;65.2;0.22;3.50;88.4;30000;1
31/2-1;1970.00;521458.80;6710288.20;-1930.60;NORTH_SEA_GP;Hordaland Gp.;8.50;2.15;2.45;65.2;0.22;3.50;88.4;30000;1
31/2-1;1980.00;521459.20;6710288.80;-1940.40;NORTH_SEA_GP;Hordaland Gp.;8.50;2.15;2.45;65.2;0.22;3.50;88.4;30000;1
31/2-1;1990.00;521459.60;6710289.40;-1950.20;NORTH_SEA_GP;Hordaland Gp.;8.50;2.15;2.45;65.2;0.22;3.50;88.4;30000;1
31/2-1;2000.00;521460.00;6710290.00;-1960.00;NORTH_SEA_GP;Hordaland Gp.;8.50;2.15;2.45;65.2;0.22;3.50;88.4;30000;1
31/2-1;2010.00;521460.40;6710290.60;-1969.80;NORTH_SEA_GP;Hordaland Gp.;8.50;2.15;2.45;65.2;0.22;3.50;88.4;30000;1
31/2-1;2020.00;521460.80;6710291.20;-1979.60;NORTH_SEA_GP;Hordaland Gp.;8.50;2.15;2.45;65.2;0.22;3.50;88.4;30000;1
31/2-1;2030.00;521461.20;6710291.80;-1989.40;NORTH_SEA_GP;Hordaland Gp.;8.50;2.15;2.45;65.2;0.22;3.50;88.4;30000;1
31/2-1;2040.00;521461.60;6710292.40;-1999.20;NORTH_SEA_GP;Hordaland Gp.;8.50;2.15;2.45;65.2;0.22;3.50;88.4;30000;1
31/2-1;2050.00;521462.00;6710293.00;-2009.00;NORTH_SEA_GP;Hordaland Gp.;8.50;2.15;2.45;65.2;0.22;3.50;88.4;30000;1
31/2-1;2060.00;521462.40;6710293.60;-2018.80;NORTH_SEA_GP;Hordaland Gp.;8.50;2.15;2.45;65.2;0.22;3.50;88.4;30000;1
31/2-1;2070.00;521462.80;6710294.20;-2028.60;NORTH_SEA_GP;Hordaland Gp.;8.50;2.15;2.45;65.2;0.22;3.50;88.4;30000;1
31/2-1;2080.00;521463.20;6710294.80;-2038.40;NORTH_SEA_GP;Sognefjord Fm.;8.50;2.15;2.45;65.2;0.22;3.50;88.4;30000;1
31/2-1;2090.00;521463.60;6710295.40;-2048.20;NORTH_SEA_GP;Sognefjord Fm.;8.50;2.15;2.45;65.2;0.22;3.50;88.4;30000;1
31/2-1;2100.00;521464.00;6710296.00;-2058.00;NORTH_SEA_GP;Sognefjord Fm.;8.50;2.15;2.45;65.2;0.22;3.50;88.4;30000;1
31/2-1;2110.00;521464.40;6710296.60;-2067.80;NORTH_SEA_GP;Sognefjord Fm.;8.50;2.15;2.45;65.2;0.22;3.50;88.4;30000;1
31/2-1;2120.00;521464.80;6710297.20;-2077.60;NORTH_SEA_GP;Sognefjord Fm.;8.50;2.15;2.45;65.2;0.22;3.50;88.4;30000;1
31/2-1;2130.00;521465.20;6710297.80;-2087.40;NORTH_SEA_GP;Sognefjord Fm.;8.50;2.15;2.45;65.2;0.22;3.50;88.4;30000;1
31/2-1;2140.00;521465.60;6710298.40;-2097.20;NORTH_SEA_GP;Sognefjord Fm.;8.50;2.15;2.45;65.2;0.22;3.50;88.4;30000;1
31/2-1;2150.00;521466.00;6710299.00;-2107.00;NORTH_SEA_GP;Sognefjord Fm.;8.50;2.15;2.45;65.2;0.22;3.50;88.4;30000;1
31/2-1;2160.00;521466.40;6710299.60;-2116.80;NORTH_SEA_GP;Sognefjord Fm.;8.50;2.15;2.45;65.2;0.22;3.50;88.4;30000;1
31/2-1;2170.00;521466.80;6710300.20;-2126.60;NORTH_SEA_GP;Sognefjord Fm.;8.50;2.15;2.45;65.2;0.22;3.50;88.4;30000;1
31/2-1;2180.00;521467.20;6710300.80;-2136.40;NORTH_SEA_GP;Sognefjord Fm.;8.50;2.15;2.45;65.2;0.22;3.50;88.4;30000;1
31/2-1;2190.00;521467.60;6710301.40;-2146.20;NORTH_SEA_GP;Sognefjord Fm.;8.50;2.15;2.45;65.2;0.22;3.50;88.4;30000;1
31/2-1;2200.00;521468.00;6710302.00;-2156.00;NORTH_SEA_GP;Sognefjord Fm.;8.50;2.15;2.45;65.2;0.22;3.50;88.4;30000;1
31/2-1;2210.00;521468.40;6710302.60;-2165.80;NORTH_SEA_GP;Sognefjord Fm.;8.50;2.15;2.45;65.2;0.22;3.50;88.4;30000;1
31/2-1;2220.00;521468.80;6710303.20;-2175.60;NORTH_SEA_GP;Sognefjord Fm.;8.50;2.15;2.45;65.2;0.22;3.50;88.4;30000;1
31/2-1;2230.00;521469.20;6710303.80;-2185.40;NORTH_SEA_GP;Sognefjord Fm.;8.50;2.15;2.45;65.2;0.22;3.50;88.4;30000;1
31/2-1;2240.00;521469.60;6710304.40;-2195.20;NORTH_SEA_GP;Sognefjord Fm.;8.50;2.15;2.45;65.2;0.22;3.50;88.4;30000;1
31/2-1;2250.00;521470.00;6710305.00;-2205.00;NORTH_SEA_GP;Sognefjord Fm.;8.50;2.15;2.45;65.2;0.22;3.50;88.4;30000;1
31/2-1;2260.00;521470.40;6710305.60;-2214.80;NORTH_SEA_GP;Sognefjord Fm.;8.50;2.15;2.45;65.2;0.22;3.50;88.4;30000;1
31/2-1;2270.00;521470.80;6710306.20;-2224.60;NORTH_SEA_GP;Sognefjord Fm.;8.50;2.15;2.45;65.2;0.22;3.50;88.4;30000;1
31/2-1;2280.00;521471.20;6710306.80;-2234.40;NORTH_SEA_GP;Sognefjord Fm.;8.50;2.15;2.45;65.2;0.22;3.50;88.4;30000;1
31/2-1;2290.00;521471.60;6710307.40;-2244.20;NORTH_SEA_GP;Sognefjord Fm.;8.50;2.15;2.45;65.2;0.22;3.50;88.4;30000;1
31/2-1;2300.00;521472.00;6710308.00;-2254.00;NORTH_SEA_GP;Sognefjord Fm.;8.50;2.15;2.45;65.2;0.22;3.50;88.4;30000;1
31/2-1;2310.00;521472.40;6710308.60;-2263.80;NORTH_SEA_GP;Sognefjord Fm.;8.50;2.15;2.45;65.2;0.22;3.50;88.4;30000;1
31/2-1;2320.00;521472.80;6710309.20;-2273.60;NORTH_SEA_GP;Sognefjord Fm.;8.50;2.15;2.45;65.2;0.22;3.50;88.4;30000;1
31/2-1;2330.00;521473.20;6710309.80;-2283.40;NORTH_SEA_GP;Sognefjord Fm.;8.50;2.15;2.45;65.2;0.22;3.50;88.4;30000;1
31/2-1;2340.00;521473.60;6710310.40;-2293.20;NORTH_SEA_GP;Sognefjord Fm.;8.50;2.15;2.45;65.2;0.22;3.50;88.4;30000;1
31/2-1;2350.00;521474.00;6710311.00;-2303.00;NORTH_SEA_GP;Sognefjord Fm.;8.50;2.15;2.45;65.2;0.22;3.50;88.4;30000;1
31/2-1;2360.00;521474.40;6710311.60;-2312.80;NORTH_SEA_GP;Sognefjord Fm.;8.50;2.15;2.45;65.2;0.22;3.50;88.4;30000;1
31/2-1;2370.00;521474.80;6710312.20;-2322.60;NORTH_SEA_GP;Sognefjord Fm.;8.50;2.15;2.45;65.2;0.22;3.50;88.4;30000;1
31/2-1;2380.00;521475.20;6710312.80;-2332.40;NORTH_SEA_GP;Sognefjord Fm.;8.50;2.15;2.45;65.2;0.22;3.50;88.4;30000;1
31/2-1;2390.00;521475.60;6710313.40;-2342.20;NORTH_SEA_GP;Sognefjord Fm.;8.50;2.15;2.45;65.2;0.22;3.50;88.4;30000;1
31/2-1;2400.00;521476.00;6710314.00;-2352.00;NORTH_SEA_GP;Sognefjord Fm.;8.50;2.15;2.45;65.2;0.22;3.50;88.4;30000;1
31/2-1;2410.00;521476.40;6710314.60;-2361.80;NORTH_SEA_GP;Sognefjord Fm.;8.50;2.15;2.45;65.2;0.22;3.50;88.4;30000;1
31/2-1;2420.00;521476.80;6710315.20;-2371.60;NORTH_SEA_GP;Sognefjord Fm.;8.50;2.15;2.45;65.2;0.22;3.50;88.4;30000;1
31/2-1;2430.00;521477.20;6710315.80;-2381.40;NORTH_SEA_GP;Sognefjord Fm.;8.50;2.15;2.45;65.2;0.22;3.50;88.4;30000;1
31/2-1;2440.00;521477.60;6710316.40;-2391.20;NORTH_SEA_GP;Sognefjord Fm.;8.50;2.15;2.45;65.2;0.22;3.50;88.4;30000;1
31/2-1;2450.00;521478.00;6710317.00;-2401.00;NORTH_SEA_GP;Sognefjord Fm.;8.50;2.15;2.45;65.2;0.22;3.50;88.4;30000;1
31/2-1;2460.00;521478.40;6710317.60;-2410.80;NORTH_SEA_GP;Sognefjord Fm.;8.50;2.15;2.45;65.2;0.22;3.50;88.4;30000;1
31/2-1;2470.00;521478.80;6710318.20;-2420.60;NORTH_SEA_GP;Sognefjord Fm.;8.50;2.15;2.45;65.2;0.22;3.50;88.4;30000;1
31/2-1;2480.00;521479.20;6710318.80;-2430.40;NORTH_SEA_GP;Sognefjord Fm.;8.50;2.15;2.45;65.2;0.22;3.50;88.4;30000;1
31/2-1;2490.00;521479.60;6710319.40;-2440.20;NORTH_SEA_GP;Sognefjord Fm.;8.50;2.15;2.45;65.2;0.22;3.50;88.4;30000;1
31/2-1;2500.00;521480.00;6710320.00;-2450.00;NORTH_SEA_GP;Sognefjord Fm.;8.50;2.15;2.45;65.2;0.22;3.50;88.4;30000;1
31/2-1;2510.00;521480.40;6710320.60;-2459.80;NORTH_SEA_GP;Sognefjord Fm.;8.50;2.15;2.45;65.2;0.22;3.50;88.4;30000;1
31/2-1;2520.00;521480.80;6710321.20;-2469.60;NORTH_SEA_GP;Sognefjord Fm.;8.50;2.15;2.45;65.2;0.22;3.50;88.4;30000;1
31/2-1;2530.00;521481.20;6710321.80;-2479.40;NORTH_SEA_GP;Sognefjord Fm.;8.50;2.15;2.45;65.2;0.22;3.50;88.4;30000;1
31/2-1;2540.00;521481.60;6710322.40;-2489.20;NORTH_SEA_GP;Sognefjord Fm.;8.50;2.15;2.45;65.2;0.22;3.50;88.4;30000;1
31/2-1;2550.00;521482.00;6710323.00;-2499.00;NORTH_SEA_GP;Sognefjord Fm.;8.50;2.15;2.45;65.2;0.22;3.50;88.4;30000;1
31/2-1;2560.00;521482.40;6710323.60;-2508.80;NORTH_SEA_GP;Sognefjord Fm.;8.50;2.15;2.45;65.2;0.22;3.50;88.4;30000;1
31/2-1;2570.00;521482.80;6710324.20;-2518.60;NORTH_SEA_GP;Sognefjord Fm.;8.50;2.15;2.45;65.2;0.22;3.50;88.4;30000;1
31/2-1;2580.00;521483.20;6710324.80;-2528.40;NORTH_SEA_GP;Sognefjord Fm.;8.50;2.15;2.45;65.2;0.22;3.50;88.4;30000;1
31/2-1;2590.00;521483.60;6710325.40;-2538.20;NORTH_SEA_GP;Sognefjord Fm.;8.50;2.15;2.45;65.2;0.22;3.50;88.4;30000;1
31/2-1;2600.00;521484.00;6710326.00;-2548.00;NORTH_SEA_GP;Sognefjord Fm.;8.50;2.15;2.45;65.2;0.22;3.50;88.4;30000;1
31/2-1;2610.00;521484.40;6710326.60;-2557.80;NORTH_SEA_GP;Sognefjord Fm.;8.50;2.15;2.45;65.2;0.22;3.50;88.4;30000;1
31/2-1;2620.00;521484.80;6710327.20;-2567.60;NORTH_SEA_GP;Sognefjord Fm.;8.50;2.15;2.45;65.2;0.22;3.50;88.4;30000;1
31/2-1;2630.00;521485.20;6710327.80;-2577.40;NORTH_SEA_GP;Sognefjord Fm.;8.50;2.15;2.45;65.2;0.22;3.50;88.4;30000;1
31/2-1;2640.00;521485.60;6710328.40;-2587.20;NORTH_SEA_GP;Sognefjord Fm.;8.50;2.15;2.45;65.2;0.22;3.50;88.4;30000;1
31/2-1;2650.00;521486.00;6710329.00;-2597.00;NORTH_SEA_GP;Sognefjord Fm.;8.50;2.15;2.45;65.2;0.22;3.50;88.4;30000;1
31/2-1;2660.00;521486.40;6710329.60;-2606.80;NORTH_SEA_GP;Sognefjord Fm.;8.50;2.15;2.45;65.2;0.22;3.50;88.4;30000;1
31/2-1;2670.00;521486.80;6710330.20;-2616.60;NORTH_SEA_GP;Sognefjord Fm.;8.50;2.15;2.45;65.2;0.22;3.50;88.4;30000;1
31/2-1;2680.00;521487.20;6710330.80;-2626.40;NORTH_SEA_GP;Sognefjord Fm.;8.50;2.15;2.45;65.2;0.22;3.50;88.4;30000;1
31/2-1;2690.00;521487.60;6710331.40;-2636.20;NORTH_SEA_GP;Sognefjord Fm.;8.50;2.15;2.45;65.2;0.22;3.50;88.4;30000;1
31/2-1;2700.00;521488.00;6710332.00;-2646.00;NORTH_SEA_GP;Sognefjord Fm.;8.50;2.15;2.45;65.2;0.22;3.50;88.4;30000;1
31/2-1;2710.00;521488.40;6710332.60;-2655.80;NORTH_SEA_GP;Sognefjord Fm.;8.50;2.15;2.45;65.2;0.22;3.50;88.4;30000;1
31/2-1;2720.00;521488.80;6710333.20;-2665.60;NORTH_SEA_GP;Sognefjord Fm.;8.50;2.15;2.45;65.2;0.22;3.50;88.4;30000;1
31/2-1;2730.00;521489.20;6710333.80;-2675.40;NORTH_SEA_GP;Sognefjord Fm.;8.50;2.15;2.45;65.2;0.22;3.50;88.4;30000;1
31/2-1;2740.00;521489.60;6710334.40;-2685.20;NORTH_SEA_GP;Sognefjord Fm.;8.50;2.15;2.45;65.2;0.22;3.50;88.4;30000;1
31/2-1;2750.00;521490.00;6710335.00;-2695.00;NORTH_SEA_GP;Sognefjord Fm.;8.50;2.15;2.45;65.2;0.22;3.50;88.4;30000;1
31/2-1;2760.00;521490.40;6710335.60;-2704.80;NORTH_SEA_GP;Sognefjord Fm.;8.50;2.15;2.45;65.2;0.22;3.50;88.4;30000;1
31/2-1;2770.00;521490.80;6710336.20;-2714.60;NORTH_SEA_GP;Sognefjord Fm.;8.50;2.15;2.45;65.2;0.22;3.50;88.4;30000;1
31/2-1;2780.00;521491.20;6710336.80;-2724.40;NORTH_SEA_GP;Sognefjord Fm.;8.50;2.15;2.45;65.2;0.22;3.50;88.4;30000;1
31/2-1;2790.00;521491.60;6710337.40;-2734.20;NORTH_SEA_GP;Sognefjord Fm.;8.50;2.15;2.45;65.2;0.22;3.50;88.4;30000;1
31/2-1;2800.00;521492.00;6710338.00;-2744.00;NORTH_SEA_GP;Sognefjord Fm.;8.50;2.15;2.45;65.2;0.22;3.50;88.4;30000;1
31/2-1;2810.00;521492.40;6710338.60;-2753.80;NORTH_SEA_GP;Sognefjord Fm.;8.50;2.15;2.45;65.2;0.22;3.50;88.4;30000;1
31/2-1;2820.00;521492.80;6710339.20;-2763.60;NORTH_SEA_GP;Sognefjord Fm.;8.50;2.15;2.45;65.2;0.22;3.50;88.4;30000;1
31/2-1;2830.00;521493.20;6710339.80;-2773.40;NORTH_SEA_GP;Sognefjord Fm.;8.50;2.15;2.45;65.2;0.22;3.50;88.4;30000;1
31/2-1;2840.00;521493.60;6710340.40;-2783.20;NORTH_SEA_GP;Sognefjord Fm.;8.50;2.15;2.45;65.2;0.22;3.50;88.4;30000;1
31/2-1;2850.00;521494.00;6710341.00;-2793.00;NORTH_SEA_GP;Sognefjord Fm.;8.50;2.15;2.45;65.2;0.22;3.50;88.4;30000;1
31/2-1;2860.00;521494.40;6710341.60;-2802.80;NORTH_SEA_GP;Sognefjord Fm.;8.50;2.15;2.45;65.2;0.22;3.50;88.4;30000;1
31/2-1;2870.00;521494.80;6710342.20;-2812.60;NORTH_SEA_GP;Fensfjord Fm.;8.50;2.15;2.45;65.2;0.22;3.50;88.4;30000;1
31/2-1;2880.00;521495.20;6710342.80;-2822.40;NORTH_SEA_GP;Fensfjord Fm.;8.50;2.15;2.45;65.2;0.22;3.50;88.4;30000;1
31/2-1;2890.00;521495.60;6710343.40;-2832.20;NORTH_SEA_GP;Fensfjord Fm.;8.50;2.15;2.45;65.2;0.22;3.50;88.4;30000;1
31/2-1;2900.00;521496.00;6710344.00;-2842.00;NORTH_SEA_GP;Fensfjord Fm.;8.50;2.15;2.45;65.2;0.22;3.50;88.4;30000;1
31/2-1;2910.00;521496.40;6710344.60;-2851.80;NORTH_SEA_GP;Fensfjord Fm.;8.50;2.15;2.45;65.2;0.22;3.50;88.4;30000;1
31/2-1;2920.00;521496.80;6710345.20;-2861.60;NORTH_SEA_GP;Fensfjord Fm.;8.50;2.15;2.45;65.2;0.22;3.50;88.4;30000;1
31/2-1;2930.00;521497.20;6710345.80;-2871.40;NORTH_SEA_GP;Fensfjord Fm.;8.50;2.15;2.45;65.2;0.22;3.50;88.4;30000;1
31/2-1;2940.00;521497.60;6710346.40;-2881.20;NORTH_SEA_GP;Fensfjord Fm.;8.50;2.15;2.45;65.2;0.22;3.50;88.4;30000;1
31/2-1;2950.00;521498.00;6710347.00;-2891.00;NORTH_SEA_GP;Fensfjord Fm.;8.50;2.15;2.45;65.2;0.22;3.50;88.4;30000;1
31/2-1;2960.00;521498.40;6710347.60;-2900.80;NORTH_SEA_GP;Fensfjord Fm.;8.50;2.15;2.45;65.2;0.22;3.50;88.4;30000;1
31/2-1;2970.00;521498.80;6710348.20;-2910.60;NORTH_SEA_GP;Fensfjord Fm.;8.50;2.15;2.45;65.2;0.22;3.50;88.4;30000;1
31/2-1;2980.00;521499.20;6710348.80;-2920.40;NORTH_SEA_GP;Fensfjord Fm.;8.50;2.15;2.45;65.2;0.22;3.50;88.4;30000;1
31/2-1;2990.00;521499.60;6710349.40;-2930.20;NORTH_SEA_GP;Fensfjord Fm.;8.50;2.15;2.45;65.2;0.22;3.50;88.4;30000;1
31/2-1;3000.00;521500.00;6710350.00;-2940.00;NORTH_SEA_GP;Fensfjord Fm.;8.50;2.15;2.45;65.2;0.22;3.50;88.4;30000;1
31/2-1;3010.00;521500.40;6710350.60;-2949.80;NORTH_SEA_GP;Fensfjord Fm.;8.50;2.15;2.45;65.2;0.22;3.50;88.4;30000;1
31/2-1;3020.00;521500.80;6710351.20;-2959.60;NORTH_SEA_GP;Fensfjord Fm.;8.50;2.15;2.45;65.2;0.22;3.50;88.4;30000;1
31/2-1;3030.00;521501.20;6710351.80;-2969.40;NORTH_SEA_GP;Fensfjord Fm.;8.50;2.15;2.45;65.2;0.22;3.50;88.4;30000;1
31/2-1;3040.00;521501.60;6710352.40;-2979.20;NORTH_SEA_GP;Fensfjord Fm.;8.50;2.15;2.45;65.2;0.22;3.50;88.4;30000;1
31/2-1;3050.00;521502.00;6710353.00;-2989.00;NORTH_SEA_GP;Fensfjord Fm.;8.50;2.15;2.45;65.2;0.22;3.50;88.4;30000;1
31/2-1;3060.00;521502.40;6710353.60;-2998.80;NORTH_SEA_GP;Fensfjord Fm.;8.50;2.15;2.45;65.2;0.22;3.50;88.4;30000;1
31/2-1;3070.00;521502.80;6710354.20;-3008.60;NORTH_SEA_GP;Fensfjord Fm.;8.50;2.15;2.45;65.2;0.22;3.50;88.4;30000;1
31/2-1;3080.00;521503.20;6710354.80;-3018.40;NORTH_SEA_GP;Fensfjord Fm.;8.50;2.15;2.45;65.2;0.22;3.50;88.4;30000;1
31/2-1;3090.00;521503.60;6710355.40;-3028.20;NORTH_SEA_GP;Fensfjord Fm.;8.50;2.15;2.45;65.2;0.22;3.50;88.4;30000;1
31/2-1;3100.00;521504.00;6710356.00;-3038.00;NORTH_SEA_GP;Fensfjord Fm.;8.50;2.15;2.45;65.2;0.22;3.50;88.4;30000;1
31/2-1;3110.00;521504.40;6710356.60;-3047.80;NORTH_SEA_GP;Fensfjord Fm.;8.50;2.15;2.45;65.2;0.22;3.50;88.4;30000;1
31/2-1;3120.00;521504.80;6710357.20;-3057.60;NORTH_SEA_GP;Fensfjord Fm.;8.50;2.15;2.45;65.2;0.22;3.50;88.4;30000;1
31/2-1;3130.00;521505.20;6710357.80;-3067.40;NORTH_SEA_GP;Fensfjord Fm.;8.50;2.15;2.45;65.2;0.22;3.50;88.4;30000;1
31/2-1;3140.00;521505.60;6710358.40;-3077.20;NORTH_SEA_GP;Fensfjord Fm.;8.50;2.15;2.45;65.2;0.22;3.50;88.4;30000;1
31/2-1;3150.00;521506.00;6710359.00;-3087.00;NORTH_SEA_GP;Fensfjord Fm.;8.50;2.15;2.45;65.2;0.22;3.50;88.4;30000;1
31/2-1;3160.00;521506.40;6710359.60;-3096.80;NORTH_SEA_GP;Fensfjord Fm.;8.50;2.15;2.45;65.2;0.22;3.50;88.4;30000;1
31/2-1;3170.00;521506.80;6710360.20;-3106.60;NORTH_SEA_GP;Fensfjord Fm.;8.50;2.15;2.45;65.2;0.22;3.50;88.4;30000;1
31/2-1;3180.00;521507.20;6710360.80;-3116.40;NORTH_SEA_GP;Fensfjord Fm.;8.50;2.15;2.45;65.2;0.22;3.50;88.4;30000;1
31/2-1;3190.00;521507.60;6710361.40;-3126.20;NORTH_SEA_GP;Fensfjord Fm.;8.50;2.15;2.45;65.2;0.22;3.50;88.4;30000;1
31/2-1;3200.00;521508.00;6710362.00;-3136.00;NORTH_SEA_GP;Fensfjord Fm.;8.50;2.15;2.45;65.2;0.22;3.50;88.4;30000;1
31/2-1;3210.00;521508.40;6710362.60;-3145.80;NORTH_SEA_GP;Fensfjord Fm.;8.50;2.15;2.45;65.2;0.22;3.50;88.4;30000;1
31/2-1;3220.00;521508.80;6710363.20;-3155.60;NORTH_SEA_GP;Fensfjord Fm.;8.50;2.15;2.45;65.2;0.22;3.50;88.4;30000;1
31/2-1;3230.00;521509.20;6710363.80;-3165.40;NORTH_SEA_GP;Fensfjord Fm.;8.50;2.15;2.45;65.2;0.22;3.50;88.4;30000;1
31/2-1;3240.00;521509.60;6710364.40;-3175.20;NORTH_SEA_GP;Fensfjord Fm.;8.50;2.15;2.45;65.2;0.22;3.50;88.4;30000;1
31/2-1;3250.00;521510.00;6710365.00;-3185.00;NORTH_SEA_GP;Fensfjord Fm.;8.50;2.15;2.45;65.2;0.22;3.50;88.4;30000;1
31/2-1;3260.00;521510.40;6710365.60;-3194.80;NORTH_SEA_GP;Fensfjord Fm.;8.50;2.15;2.45;65.2;0.22;3.50;88.4;30000;1
31/2-1;3270.00;521510.80;6710366.20;-3204.60;NORTH_SEA_GP;Fensfjord Fm.;8.50;2.15;2.45;65.2;0.22;3.50;88.4;30000;1
31/2-1;3280.00;521511.20;6710366.80;-3214.40;NORTH_SEA_GP;Fensfjord Fm.;8.50;2.15;2.45;65.2;0.22;3.50;88.4;30000;1
31/2-1;3290.00;521511.60;6710367.40;-3224.20;NORTH_SEA_GP;Fensfjord Fm.;8.50;2.15;2.45;65.2;0.22;3.50;88.4;30000;1
31/2-1;3300.00;521512.00;6710368.00;-3234.00;NORTH_SEA_GP;Fensfjord Fm.;8.50;2.15;2.45;65.2;0.22;3.50;88.4;30000;1
31/2-1;3310.00;521512.40;6710368.60;-3243.80;NORTH_SEA_GP;Fensfjord Fm.;8.50;2.15;2.45;65.2;0.22;3.50;88.4;30000;1
31/2-1;3320.00;521512.80;6710369.20;-3253.60;NORTH_SEA_GP;Fensfjord Fm.;8.50;2.15;2.45;65.2;0.22;3.50;88.4;30000;1
31/2-1;3330.00;521513.20;6710369.80;-3263.40;NORTH_SEA_GP;Fensfjord Fm.;8.50;2.15;2.45;65.2;0.22;3.50;88.4;30000;1
31/2-1;3340.00;521513.60;6710370.40;-3273.20;NORTH_SEA_GP;Fensfjord Fm.;8.50;2.15;2.45;65.2;0.22;3.50;88.4;30000;1
31/2-1;3350.00;521514.00;6710371.00;-3283.00;NORTH_SEA_GP;Fensfjord Fm.;8.50;2.15;2.45;65.2;0.22;3.50;88.4;30000;1
31/2-1;3360.00;521514.40;6710371.60;-3292.80;NORTH_SEA_GP;Fensfjord Fm.;8.50;2.15;2.45;65.2;0.22;3.50;88.4;30000;1
31/2-1;3370.00;521514.80;6710372.20;-3302.60;NORTH_SEA_GP;Fensfjord Fm.;8.50;2.15;2.45;65.2;0.22;3.50;88.4;30000;1
31/2-1;3380.00;521515.20;6710372.80;-3312.40;NORTH_SEA_GP;Fensfjord Fm.;8.50;2.15;2.45;65.2;0.22;3.50;88.4;30000;1
31/2-1;3390.00;521515.60;6710373.40;-3322.20;NORTH_SEA_GP;Fensfjord Fm.;8.50;2.15;2.45;65.2;0.22;3.50;88.4;30000;1
31/2-1;3400.00;521516.00;6710374.00;-3332.00;NORTH_SEA_GP;Fensfjord Fm.;8.50;2.15;2.45;65.2;0.22;3.50;88.4;30000;1
31/2-1;3410.00;521516.40;6710374.60;-3341.80;NORTH_SEA_GP;Fensfjord Fm.;8.50;2.15;2.45;65.2;0.22;3.50;88.4;30000;1
31/2-1;3420.00;521516.80;6710375.20;-3351.60;NORTH_SEA_GP;Fensfjord Fm.;8.50;2.15;2.45;65.2;0.22;3.50;88.4;30000;1
31/2-1;3430.00;521517.20;6710375.80;-3361.40;NORTH_SEA_GP;Fensfjord Fm.;8.50;2.15;2.45;65.2;0.22;3.50;88.4;30000;1
31/2-1;3440.00;521517.60;6710376.40;-3371.20;NORTH_SEA_GP;Fensfjord Fm.;8.50;2.15;2.45;65.2;0.22;3.50;88.4;30000;1
31/2-1;3450.00;521518.00;6710377.00;-3381.00;NORTH_SEA_GP;Fensfjord Fm.;8.50;2.15;2.45;65.2;0.22;3.50;88.4;30000;1
31/2-1;3460.00;521518.40;6710377.60;-3390.80;NORTH_SEA_GP;Fensfjord Fm.;8.50;2.15;2.45;65.2;0.22;3.50;88.4;30000;1
31/2-1;3470.00;521518.80;6710378.20;-3400.60;NORTH_SEA_GP;Fensfjord Fm.;8.50;2.15;2.45;65.2;0.22;3.50;88.4;30000;1
31/2-1;3480.00;521519.20;6710378.80;-3410.40;NORTH_SEA_GP;Fensfjord Fm.;8.50;2.15;2.45;65.2;0.22;3.50;88.4;30000;1
31/2-1;3490.00;521519.60;6710379.40;-3420.20;NORTH_SEA_GP;Fensfjord Fm.;8.50;2.15;2.45;65.2;0.22;3.50;88.4;30000;1
31/2-1;3500.00;521520.00;6710380.00;-3430.00;NORTH_SEA_GP;Fensfjord Fm.;8.50;2.15;2.45;65.2;0.22;3.50;88.4;30000;1
31/2-1;3510.00;521520.40;6710380.60;-3439.80;NORTH_SEA_GP;Fensfjord Fm.;8.50;2.15;2.45;65.2;0.22;3.50;88.4;30000;1
31/2-1;3520.00;521520.80;6710381.20;-3449.60;NORTH_SEA_GP;Fensfjord Fm.;8.50;2.15;2.45;65.2;0.22;3.50;88.4;30000;1
31/2-1;3530.00;521521.20;6710381.80;-3459.40;NORTH_SEA_GP;Fensfjord Fm.;8.50;2.15;2.45;65.2;0.22;3.50;88.4;30000;1
31/2-1;3540.00;521521.60;6710382.40;-3469.20;NORTH_SEA_GP;Fensfjord Fm.;8.50;2.15;2.45;65.2;0.22;3.50;88.4;30000;1
31/2-1;3550.00;521522.00;6710383.00;-3479.00;NORTH_SEA_GP;Fensfjord Fm.;8.50;2.15;2.45;65.2;0.22;3.50;88.4;30000;1
31/2-1;3560.00;521522.40;6710383.60;-3488.80;NORTH_SEA_GP;Fensfjord Fm.;8.50;2.15;2.45;65.2;0.22;3.50;88.4;30000;1
31/2-1;3570.00;521522.80;6710384.20;-3498.60;NORTH_SEA_GP;Fensfjord Fm.;8.50;2.15;2.45;65.2;0.22;3.50;88.4;30000;1
31/2-1;3580.00;521523.20;6710384.80;-3508.40;NORTH_SEA_GP;Fensfjord Fm.;8.50;2.15;2.45;65.2;0.22;3.50;88.4;30000;1
31/2-1;3590.00;521523.60;6710385.40;-3518.20;NORTH_SEA_GP;Fensfjord Fm.;8.50;2.15;2.45;65.2;0.22;3.50;88.4;30000;1
31/2-1;3600.00;521524.00;6710386.00;-3528.00;NORTH_SEA_GP;Fensfjord Fm.;8.50;2.15;2.45;65.2;0.22;3.50;88.4;30000;1
31/2-1;3610.00;521524.40;6710386.60;-3537.80;NORTH_SEA_GP;Fensfjord Fm.;8.50;2.15;2.45;65.2;0.22;3.50;88.4;30000;1
31/2-1;3620.00;521524.80;6710387.20;-3547.60;NORTH_SEA_GP;Fensfjord Fm.;8.50;2.15;2.45;65.2;0.22;3.50;88.4;30000;1
31/2-1;3630.00;521525.20;6710387.80;-3557.40;NORTH_SEA_GP;Fensfjord Fm.;8.50;2.15;2.45;65.2;0.22;3.50;88.4;30000;1
31/2-1;3640.00;521525.60;6710388.40;-3567.20;NORTH_SEA_GP;Fensfjord Fm.;8.50;2.15;2.45;65.2;0.22;3.50;88.4;30000;1
31/2-1;3650.00;521526.00;6710389.00;-3577.00;NORTH_SEA_GP;Fensfjord Fm.;8.50;2.15;2.45;65.2;0.22;3.50;88.4;30000;1
